<botcomponent_workflowset>
  <botcomponent_workflow botcomponentid.schemaname="cr19f_lunchBot.component.CopilotActionGetattendance" workflowid.workflowid="1637693d-3677-ef11-ac21-000d3a5806f7">
    <iscustomizable>1</iscustomizable>
  </botcomponent_workflow>
  <botcomponent_workflow botcomponentid.schemaname="cr19f_lunchBot.component.CopilotActionGetlunches" workflowid.workflowid="6be3d3fd-3277-ef11-ac21-000d3a5806f7">
    <iscustomizable>1</iscustomizable>
  </botcomponent_workflow>
  <botcomponent_workflow botcomponentid.schemaname="cr19f_lunchBot.component.CopilotActionGettimeslots" workflowid.workflowid="efec973a-3577-ef11-ac21-000d3a5806f7">
    <iscustomizable>1</iscustomizable>
  </botcomponent_workflow>
</botcomponent_workflowset>