{
  "properties": {
    "connectionReferences": {
      "shared_commondataserviceforapps": {
        "runtimeSource": "embedded",
        "connection": {
          "connectionReferenceLogicalName": "lunch_sharedcommondataserviceforapps_34eab"
        },
        "api": {
          "name": "shared_commondataserviceforapps"
        }
      }
    },
    "definition": {
      "$schema": "https://schema.management.azure.com/providers/Microsoft.Logic/schemas/2016-06-01/workflowdefinition.json#",
      "contentVersion": "1.0.0.0",
      "parameters": {
        "$connections": {
          "defaultValue": {},
          "type": "Object"
        },
        "$authentication": {
          "defaultValue": {},
          "type": "SecureObject"
        }
      },
      "triggers": {
        "manual": {
          "metadata": {
            "operationMetadataId": "280888b0-b5da-4013-856e-2ec210400f0f"
          },
          "type": "Request",
          "kind": "Button",
          "inputs": {
            "schema": {
              "type": "object",
              "properties": {
                "text": {
                  "title": "LunchId",
                  "type": "string",
                  "x-ms-dynamically-added": true,
                  "description": "Please enter your input",
                  "x-ms-content-hint": "TEXT"
                }
              },
              "required": [
                "text"
              ]
            }
          }
        }
      },
      "actions": {
        "Get_managers": {
          "runAfter": {
            "Get_lunch": [
              "Succeeded"
            ]
          },
          "metadata": {
            "operationMetadataId": "201a8fe9-8105-48b6-9521-da3873a53219"
          },
          "type": "OpenApiConnection",
          "inputs": {
            "host": {
              "connectionName": "shared_commondataserviceforapps",
              "operationId": "ListRecords",
              "apiId": "/providers/Microsoft.PowerApps/apis/shared_commondataserviceforapps"
            },
            "parameters": {
              "entityName": "lunch_participants",
              "$select": "lunch_participantid, lunch_participantname, lunch_managername",
              "fetchXml": "<fetch version=\"1.0\">\n    <entity name=\"lunch_participant\">\n        <attribute name=\"statecode\"/>\n        <attribute name=\"lunch_participantid\"/>\n        <attribute name=\"lunch_participantname\"/>\n        <attribute name=\"lunch_managername\"/>\n        <attribute name=\"createdon\"/>\n        <attribute name=\"lunch_ismanager\"/>\n        <filter type=\"and\">\n            <condition attribute=\"statecode\" operator=\"eq\" value=\"0\"/>\n            <condition attribute=\"lunch_ismanager\" operator=\"eq\" value=\"1\"/>\n        </filter>\n        <link-entity name=\"lunch_participant_lunch_lunch\" intersect=\"true\" visible=\"false\" from=\"lunch_participantid\" to=\"lunch_participantid\">\n            <link-entity name=\"lunch_lunch\" alias=\"ab\" from=\"lunch_lunchid\" to=\"lunch_lunchid\">\n                <filter type=\"and\">\n                <condition attribute=\"lunch_lunchid\" operator=\"eq\" value=\"{@{triggerBody()['text']}}\" uiname=\"Group based\" uitype=\"lunch_lunch\"/>\n                </filter>\n            </link-entity>\n        </link-entity>\n    </entity>\n</fetch>"
            },
            "authentication": {
              "type": "Raw",
              "value": "@json(decodeBase64(triggerOutputs().headers['X-MS-APIM-Tokens']))['$ConnectionKey']"
            }
          }
        },
        "Get_employees": {
          "runAfter": {
            "Select_managers": [
              "Succeeded"
            ]
          },
          "metadata": {
            "operationMetadataId": "a143a60a-5c49-41ab-9c04-0fefa6bf3d3c"
          },
          "type": "OpenApiConnection",
          "inputs": {
            "host": {
              "connectionName": "shared_commondataserviceforapps",
              "operationId": "ListRecords",
              "apiId": "/providers/Microsoft.PowerApps/apis/shared_commondataserviceforapps"
            },
            "parameters": {
              "entityName": "lunch_participants",
              "$select": "lunch_participantid, lunch_participantname, lunch_managername",
              "fetchXml": "<fetch version=\"1.0\">\n    <entity name=\"lunch_participant\">\n        <attribute name=\"statecode\"/>\n        <attribute name=\"lunch_participantid\"/>\n        <attribute name=\"lunch_participantname\"/>\n        <attribute name=\"lunch_managername\"/>\n        <attribute name=\"createdon\"/>\n        <attribute name=\"lunch_ismanager\"/>\n        <filter type=\"and\">\n            <condition attribute=\"statecode\" operator=\"eq\" value=\"0\"/>\n            <condition attribute=\"lunch_ismanager\" operator=\"eq\" value=\"0\"/>\n        </filter>\n        <link-entity name=\"lunch_participant_lunch_lunch\" intersect=\"true\" visible=\"false\" from=\"lunch_participantid\" to=\"lunch_participantid\">\n            <link-entity name=\"lunch_lunch\" alias=\"ab\" from=\"lunch_lunchid\" to=\"lunch_lunchid\">\n                <filter type=\"and\">\n                <condition attribute=\"lunch_lunchid\" operator=\"eq\" value=\"{@{triggerBody()['text']}}\" uiname=\"Group based\" uitype=\"lunch_lunch\"/>\n                </filter>\n            </link-entity>\n        </link-entity>\n    </entity>\n</fetch>"
            },
            "authentication": {
              "type": "Raw",
              "value": "@json(decodeBase64(triggerOutputs().headers['X-MS-APIM-Tokens']))['$ConnectionKey']"
            }
          }
        },
        "Get_timeslots": {
          "runAfter": {
            "Employees_sorted": [
              "Succeeded"
            ]
          },
          "metadata": {
            "operationMetadataId": "e72563bb-5bf3-44d5-bbeb-254ea416a5ac"
          },
          "type": "OpenApiConnection",
          "inputs": {
            "host": {
              "connectionName": "shared_commondataserviceforapps",
              "operationId": "ListRecords",
              "apiId": "/providers/Microsoft.PowerApps/apis/shared_commondataserviceforapps"
            },
            "parameters": {
              "entityName": "lunch_timeslots",
              "$select": "lunch_timeslotid, lunch_capacity",
              "$filter": "_lunch_lunch_value eq '@{triggerBody()['text']}'"
            },
            "authentication": {
              "type": "Raw",
              "value": "@json(decodeBase64(triggerOutputs().headers['X-MS-APIM-Tokens']))['$ConnectionKey']"
            }
          }
        },
        "Select_managers": {
          "runAfter": {
            "Get_managers": [
              "Succeeded"
            ]
          },
          "metadata": {
            "operationMetadataId": "86274a25-24db-47df-bbbe-bb5c1a9dbf1f"
          },
          "type": "Select",
          "inputs": {
            "from": "@outputs('Get_managers')?['body/value']",
            "select": {
              "id": "@item()?['lunch_participantid']",
              "name": "@item()?['lunch_participantname']",
              "managerName": "@item()?['lunch_managername']"
            }
          }
        },
        "Select_employees": {
          "runAfter": {
            "Get_employees": [
              "Succeeded"
            ]
          },
          "metadata": {
            "operationMetadataId": "75ab3352-394d-4024-87fa-56860090b6f2"
          },
          "type": "Select",
          "inputs": {
            "from": "@outputs('Get_employees')?['body/value']",
            "select": {
              "id": "@item()?['lunch_participantid']",
              "name": "@item()?['lunch_participantname']",
              "managerName": "@item()?['lunch_managername']",
              "orderNumber": "@rand(0, 10000)"
            }
          }
        },
        "Employees_sorted": {
          "runAfter": {
            "Select_employees": [
              "Succeeded"
            ]
          },
          "metadata": {
            "operationMetadataId": "d8705a86-d89b-4cf2-bfbf-a2d2569f3f83"
          },
          "type": "Compose",
          "inputs": "@sort(body('Select_employees'),'orderNumber')"
        },
        "Select_timeslots": {
          "runAfter": {
            "Get_timeslots": [
              "Succeeded"
            ]
          },
          "metadata": {
            "operationMetadataId": "89f48968-38d1-4e48-a339-d82e2c5e94ff"
          },
          "type": "Select",
          "inputs": {
            "from": "@outputs('Get_timeslots')?['body/value']",
            "select": {
              "id": "@item()?['lunch_timeslotid']",
              "capacity": "@item()?['lunch_capacity']"
            }
          }
        },
        "Create_groups": {
          "runAfter": {
            "Select_timeslots": [
              "Succeeded"
            ]
          },
          "metadata": {
            "operationMetadataId": "e30f9b5c-bc4c-463e-a726-0913dcae9c0c",
            "flowSystemMetadata": {
              "portalOperationId": "aibuilderpredict_customprompt",
              "portalOperationGroup": "aibuilder",
              "portalOperationApiDisplayNameOverride": "AI Builder",
              "portalOperationIconOverride": "https://content.powerapps.com/resource/makerx/static/pauto/images/designeroperations/aiBuilderNew.51dbdb6b.png",
              "portalOperationBrandColorOverride": "#0A76C4",
              "portalOperationApiTierOverride": "Standard"
            }
          },
          "type": "OpenApiConnection",
          "inputs": {
            "host": {
              "connectionName": "shared_commondataserviceforapps",
              "operationId": "aibuilderpredict_customprompt",
              "apiId": "/providers/Microsoft.PowerApps/apis/shared_commondataserviceforapps"
            },
            "parameters": {
              "recordId": "61fd7c1e-fd83-4af3-9b1d-ca2559003996",
              "item/requestv2/Rooms": "@string(body('Select_timeslots'))",
              "item/requestv2/Employees": "@string(outputs('Employees_sorted'))",
              "item/requestv2/Managers": "@string(body('Select_managers'))"
            },
            "authentication": {
              "type": "Raw",
              "value": "@json(decodeBase64(triggerOutputs().headers['X-MS-APIM-Tokens']))['$ConnectionKey']"
            }
          }
        },
        "Parse_group_response": {
          "runAfter": {
            "Create_groups": [
              "Succeeded"
            ]
          },
          "metadata": {
            "operationMetadataId": "de84c55b-d490-4e44-8af1-8d4db78fab09"
          },
          "type": "ParseJson",
          "inputs": {
            "content": "@outputs('Create_groups')?['body/responsev2/predictionOutput/text']",
            "schema": {
              "type": "array",
              "items": {
                "type": "object",
                "properties": {
                  "roomId": {
                    "type": "string"
                  },
                  "participants": {
                    "type": "array",
                    "items": {
                      "type": "object",
                      "properties": {
                        "participantId": {
                          "type": "string"
                        },
                        "participantName": {
                          "type": "string"
                        }
                      },
                      "required": [
                        "participantId",
                        "participantName"
                      ]
                    }
                  }
                },
                "required": [
                  "roomId",
                  "participants"
                ]
              }
            }
          }
        },
        "Apply_to_each": {
          "foreach": "@body('Parse_group_response')",
          "actions": {
            "Apply_to_each_2": {
              "foreach": "@items('Apply_to_each')['participants']",
              "actions": {
                "Get_existing_invitation": {
                  "runAfter": {},
                  "metadata": {
                    "operationMetadataId": "0a6cadf8-1118-491a-89f8-e14d471fd699"
                  },
                  "type": "OpenApiConnection",
                  "inputs": {
                    "host": {
                      "connectionName": "shared_commondataserviceforapps",
                      "operationId": "ListRecords",
                      "apiId": "/providers/Microsoft.PowerApps/apis/shared_commondataserviceforapps"
                    },
                    "parameters": {
                      "entityName": "lunch_invitations",
                      "$filter": "_lunch_participant_value eq '@{items('Apply_to_each_2')['participantId']}' and _lunch_timeslot_value eq '@{items('Apply_to_each')['roomId']}' and _lunch_lunch_value eq '@{triggerBody()['text']}'",
                      "$top": 1
                    },
                    "authentication": {
                      "type": "Raw",
                      "value": "@json(decodeBase64(triggerOutputs().headers['X-MS-APIM-Tokens']))['$ConnectionKey']"
                    }
                  }
                },
                "No_existing_invitation": {
                  "actions": {
                    "Create_a_suggested_invitation": {
                      "runAfter": {},
                      "metadata": {
                        "operationMetadataId": "4b1f7c89-cad4-4aa8-8cde-30c79a527933"
                      },
                      "type": "OpenApiConnection",
                      "inputs": {
                        "host": {
                          "connectionName": "shared_commondataserviceforapps",
                          "operationId": "CreateRecord",
                          "apiId": "/providers/Microsoft.PowerApps/apis/shared_commondataserviceforapps"
                        },
                        "parameters": {
                          "entityName": "lunch_invitations",
                          "item/lunch_invitationname": "@{outputs('Get_lunch')?['body/lunch_lunchname']} - @{items('Apply_to_each_2')['participantName']}",
                          "item/lunch_invitationstatus": 6,
                          "item/lunch_Lunch@odata.bind": "lunch_lunchs(@{triggerBody()['text']})",
                          "item/lunch_Participant@odata.bind": "lunch_participants(@{items('Apply_to_each_2')['participantId']})",
                          "item/lunch_Timeslot@odata.bind": "lunch_timeslots(@{items('Apply_to_each')['roomId']})"
                        },
                        "authentication": {
                          "type": "Raw",
                          "value": "@json(decodeBase64(triggerOutputs().headers['X-MS-APIM-Tokens']))['$ConnectionKey']"
                        }
                      }
                    }
                  },
                  "runAfter": {
                    "Get_existing_invitation": [
                      "Succeeded"
                    ]
                  },
                  "expression": {
                    "equals": [
                      "@length(outputs('Get_existing_invitation')?['body/value'])",
                      0
                    ]
                  },
                  "metadata": {
                    "operationMetadataId": "eeded7bf-02ab-48ef-ab8f-90cf3688ed92"
                  },
                  "type": "If"
                }
              },
              "runAfter": {},
              "metadata": {
                "operationMetadataId": "7c0e6597-4a14-4b1d-8f89-ce75b60829bb"
              },
              "type": "Foreach"
            }
          },
          "runAfter": {
            "Parse_group_response": [
              "Succeeded"
            ]
          },
          "metadata": {
            "operationMetadataId": "e49f9c53-ad0c-4a0e-9bed-87c3e061404f"
          },
          "type": "Foreach"
        },
        "Respond_to_a_Power_App_or_flow": {
          "runAfter": {
            "Apply_to_each": [
              "Succeeded"
            ]
          },
          "metadata": {
            "operationMetadataId": "385a9e08-ea95-405d-94c4-ad68137dc0b2"
          },
          "type": "Response",
          "kind": "PowerApp",
          "inputs": {
            "statusCode": 200,
            "body": {
              "success": "true"
            },
            "schema": {
              "type": "object",
              "properties": {
                "success": {
                  "title": "Success",
                  "x-ms-dynamically-added": true,
                  "type": "string"
                }
              }
            }
          }
        },
        "Get_lunch": {
          "runAfter": {},
          "metadata": {
            "operationMetadataId": "f0d91e30-14f8-4b7a-8de7-d85570cc3bbd"
          },
          "type": "OpenApiConnection",
          "inputs": {
            "host": {
              "connectionName": "shared_commondataserviceforapps",
              "operationId": "GetItem",
              "apiId": "/providers/Microsoft.PowerApps/apis/shared_commondataserviceforapps"
            },
            "parameters": {
              "entityName": "lunch_lunchs",
              "recordId": "@triggerBody()['text']"
            },
            "authentication": {
              "type": "Raw",
              "value": "@json(decodeBase64(triggerOutputs().headers['X-MS-APIM-Tokens']))['$ConnectionKey']"
            }
          }
        }
      }
    },
    "templateName": ""
  },
  "schemaVersion": "1.0.0.0"
}