{
  "properties": {
    "connectionReferences": {
      "shared_commondataserviceforapps": {
        "runtimeSource": "embedded",
        "connection": {
          "connectionReferenceLogicalName": "lunch_sharedcommondataserviceforapps_34eab"
        },
        "api": {
          "name": "shared_commondataserviceforapps"
        }
      }
    },
    "definition": {
      "$schema": "https://schema.management.azure.com/providers/Microsoft.Logic/schemas/2016-06-01/workflowdefinition.json#",
      "contentVersion": "1.0.0.0",
      "parameters": {
        "$connections": {
          "defaultValue": {},
          "type": "Object"
        },
        "$authentication": {
          "defaultValue": {},
          "type": "SecureObject"
        }
      },
      "triggers": {
        "manual": {
          "metadata": {
            "operationMetadataId": "7d901e06-6394-49c0-8454-e8c4ac0d955d"
          },
          "type": "Request",
          "kind": "Button",
          "inputs": {
            "schema": {
              "type": "object",
              "properties": {
                "text": {
                  "title": "invitationId",
                  "type": "string",
                  "x-ms-dynamically-added": true,
                  "description": "Please enter your input",
                  "x-ms-content-hint": "TEXT"
                }
              },
              "required": [
                "text"
              ]
            }
          }
        }
      },
      "actions": {
        "Get_invitation": {
          "runAfter": {},
          "metadata": {
            "operationMetadataId": "f00d3933-35cb-47d3-986b-6c06cafbd96f"
          },
          "type": "OpenApiConnection",
          "inputs": {
            "host": {
              "connectionName": "shared_commondataserviceforapps",
              "operationId": "GetItem",
              "apiId": "/providers/Microsoft.PowerApps/apis/shared_commondataserviceforapps"
            },
            "parameters": {
              "entityName": "lunch_invitations",
              "recordId": "@triggerBody()['text']"
            },
            "authentication": {
              "type": "Raw",
              "value": "@json(decodeBase64(triggerOutputs().headers['X-MS-APIM-Tokens']))['$ConnectionKey']"
            }
          }
        },
        "List_potential_timeslots": {
          "runAfter": {
            "Get_invitation": [
              "Succeeded"
            ]
          },
          "metadata": {
            "operationMetadataId": "b3378c6d-8050-439a-bab9-c367aa1b63aa"
          },
          "type": "OpenApiConnection",
          "inputs": {
            "host": {
              "connectionName": "shared_commondataserviceforapps",
              "operationId": "ListRecords",
              "apiId": "/providers/Microsoft.PowerApps/apis/shared_commondataserviceforapps"
            },
            "parameters": {
              "entityName": "lunch_timeslots",
              "$filter": "_lunch_lunch_value eq '@{outputs('Get_invitation')?['body/_lunch_lunch_value']}' and lunch_timeslotid ne '@{outputs('Get_invitation')?['body/_lunch_timeslot_value']}' and lunch_meetingended ne true"
            },
            "authentication": {
              "type": "Raw",
              "value": "@json(decodeBase64(triggerOutputs().headers['X-MS-APIM-Tokens']))['$ConnectionKey']"
            }
          }
        },
        "Initialize_variable": {
          "runAfter": {
            "List_potential_timeslots": [
              "Succeeded"
            ]
          },
          "metadata": {
            "operationMetadataId": "c2a155c7-6312-484d-9feb-76b1a5eea155"
          },
          "type": "InitializeVariable",
          "inputs": {
            "variables": [
              {
                "name": "timeslotArray",
                "type": "array",
                "value": []
              }
            ]
          }
        },
        "Apply_to_each": {
          "foreach": "@outputs('List_potential_timeslots')?['body/value']",
          "actions": {
            "List_pending_invitations": {
              "runAfter": {},
              "metadata": {
                "operationMetadataId": "cf741b68-a3fa-4dd2-a2f2-129d59cffaf3"
              },
              "type": "OpenApiConnection",
              "inputs": {
                "host": {
                  "connectionName": "shared_commondataserviceforapps",
                  "operationId": "ListRecords",
                  "apiId": "/providers/Microsoft.PowerApps/apis/shared_commondataserviceforapps"
                },
                "parameters": {
                  "entityName": "lunch_invitations",
                  "$filter": "_lunch_timeslot_value eq '@{items('Apply_to_each')?['lunch_timeslotid']}' and (lunch_invitationstatus eq 1 or lunch_invitationstatus eq 2) and statecode eq 0"
                },
                "authentication": {
                  "type": "Raw",
                  "value": "@json(decodeBase64(triggerOutputs().headers['X-MS-APIM-Tokens']))['$ConnectionKey']"
                }
              }
            },
            "less_open_invites_than_lunch_capacity": {
              "actions": {
                "Append_to_array_variable": {
                  "runAfter": {},
                  "metadata": {
                    "operationMetadataId": "4b009e7c-256c-43db-b2e5-ef8b1abfc1cf"
                  },
                  "type": "AppendToArrayVariable",
                  "inputs": {
                    "name": "timeslotArray",
                    "value": "@item()"
                  }
                }
              },
              "runAfter": {
                "List_pending_invitations": [
                  "Succeeded"
                ]
              },
              "expression": {
                "and": [
                  {
                    "less": [
                      "@length(outputs('List_pending_invitations')?['body/value'])",
                      "@sub(items('Apply_to_each')?['lunch_capacity'],if(equals(items('Apply_to_each')?['lunch_usedcapacity'],null),0,items('Apply_to_each')?['lunch_usedcapacity']))"
                    ]
                  },
                  {
                    "less": [
                      "@if(equals(items('Apply_to_each')?['lunch_usedcapacity'],null),0,items('Apply_to_each')?['lunch_usedcapacity'])",
                      "@items('Apply_to_each')?['lunch_capacity']"
                    ]
                  }
                ]
              },
              "metadata": {
                "operationMetadataId": "4d4bf9fa-4c3b-4faa-bf81-ba935f9696b1"
              },
              "type": "If"
            }
          },
          "runAfter": {
            "Initialize_variable": [
              "Succeeded"
            ]
          },
          "metadata": {
            "operationMetadataId": "1b51760d-6c77-42a7-971a-f5935d605872"
          },
          "type": "Foreach"
        },
        "Respond_to_a_Power_App_or_flow": {
          "runAfter": {
            "Select": [
              "Succeeded"
            ]
          },
          "metadata": {
            "operationMetadataId": "ac856f6d-0e25-4dd0-bbb0-336e0fb4c3c7"
          },
          "type": "Response",
          "kind": "PowerApp",
          "inputs": {
            "statusCode": 200,
            "body": {
              "timeslots": "@{string(body('Select'))}"
            },
            "schema": {
              "type": "object",
              "properties": {
                "timeslots": {
                  "title": "Timeslots",
                  "x-ms-dynamically-added": true,
                  "type": "string"
                }
              }
            }
          }
        },
        "Debug": {
          "runAfter": {
            "Apply_to_each": [
              "Succeeded"
            ]
          },
          "metadata": {
            "operationMetadataId": "4161eea3-9ac6-42db-9db6-8fbeef0e71eb"
          },
          "type": "Compose",
          "inputs": "@variables('timeslotArray')"
        },
        "Select": {
          "runAfter": {
            "Debug": [
              "Succeeded"
            ]
          },
          "metadata": {
            "operationMetadataId": "a5bbe550-7cd9-4861-90ff-7489a725fdef"
          },
          "type": "Select",
          "inputs": {
            "from": "@variables('timeslotArray')",
            "select": {
              "timeslotId": "@item()?['lunch_timeslotid']",
              "day": "@item()?['lunch_day']"
            }
          }
        }
      }
    },
    "templateName": ""
  },
  "schemaVersion": "1.0.0.0"
}