{
  "properties": {
    "connectionReferences": {
      "shared_commondataserviceforapps": {
        "runtimeSource": "embedded",
        "connection": {
          "connectionReferenceLogicalName": "lunch_sharedcommondataserviceforapps_34eab"
        },
        "api": {
          "name": "shared_commondataserviceforapps"
        }
      },
      "shared_office365users": {
        "runtimeSource": "invoker",
        "connection": {
          "connectionReferenceLogicalName": "lunch_sharedoffice365users_d6db8"
        },
        "api": {
          "name": "shared_office365users"
        }
      },
      "shared_office365": {
        "runtimeSource": "invoker",
        "connection": {
          "connectionReferenceLogicalName": "lunch_sharedoffice365_62478"
        },
        "api": {
          "name": "shared_office365"
        }
      }
    },
    "definition": {
      "$schema": "https://schema.management.azure.com/providers/Microsoft.Logic/schemas/2016-06-01/workflowdefinition.json#",
      "contentVersion": "1.0.0.0",
      "parameters": {
        "$connections": {
          "defaultValue": {},
          "type": "Object"
        },
        "$authentication": {
          "defaultValue": {},
          "type": "SecureObject"
        }
      },
      "triggers": {
        "manual": {
          "metadata": {
            "operationMetadataId": "25c0b434-6c60-44e6-926c-6439be90b942"
          },
          "type": "Request",
          "kind": "Button",
          "inputs": {
            "schema": {
              "type": "object",
              "properties": {
                "text": {
                  "title": "InvitationId",
                  "type": "string",
                  "x-ms-dynamically-added": true,
                  "description": "Please enter your input",
                  "x-ms-content-hint": "TEXT"
                }
              },
              "required": [
                "text"
              ]
            }
          }
        }
      },
      "actions": {
        "Get_invitation": {
          "runAfter": {},
          "metadata": {
            "operationMetadataId": "ec2baa10-6ea8-493d-8078-186f43037440"
          },
          "type": "OpenApiConnection",
          "inputs": {
            "host": {
              "connectionName": "shared_commondataserviceforapps",
              "operationId": "GetItem",
              "apiId": "/providers/Microsoft.PowerApps/apis/shared_commondataserviceforapps"
            },
            "parameters": {
              "entityName": "lunch_invitations",
              "recordId": "@triggerBody()['text']"
            },
            "authentication": {
              "type": "Raw",
              "value": "@json(decodeBase64(triggerOutputs().headers['X-MS-APIM-Tokens']))['$ConnectionKey']"
            }
          }
        },
        "Get_timeslot": {
          "runAfter": {
            "Get_user_profile_(V2)": [
              "Succeeded"
            ]
          },
          "metadata": {
            "operationMetadataId": "4a4ef99b-1f3c-49ee-8a94-7b460232770d"
          },
          "type": "OpenApiConnection",
          "inputs": {
            "host": {
              "connectionName": "shared_commondataserviceforapps",
              "operationId": "GetItem",
              "apiId": "/providers/Microsoft.PowerApps/apis/shared_commondataserviceforapps"
            },
            "parameters": {
              "entityName": "lunch_timeslots",
              "recordId": "@outputs('Get_invitation')?['body/_lunch_timeslot_value']"
            },
            "authentication": {
              "type": "Raw",
              "value": "@json(decodeBase64(triggerOutputs().headers['X-MS-APIM-Tokens']))['$ConnectionKey']"
            }
          }
        },
        "Has_meeting_id": {
          "actions": {
            "Get_event": {
              "runAfter": {},
              "metadata": {
                "operationMetadataId": "35d75d22-18bd-4106-b06e-49495a2c6d51"
              },
              "type": "OpenApiConnection",
              "inputs": {
                "host": {
                  "connectionName": "shared_office365",
                  "operationId": "HttpRequest",
                  "apiId": "/providers/Microsoft.PowerApps/apis/shared_office365"
                },
                "parameters": {
                  "Uri": "https://graph.microsoft.com/v1.0/me/calendar/events/@{outputs('Get_timeslot')?['body/lunch_meetingid']}",
                  "Method": "GET",
                  "ContentType": "application/json"
                },
                "authentication": {
                  "type": "Raw",
                  "value": "@json(decodeBase64(triggerOutputs().headers['X-MS-APIM-Tokens']))['$ConnectionKey']"
                }
              }
            },
            "Parse_JSON": {
              "runAfter": {
                "Get_event": [
                  "Succeeded"
                ]
              },
              "metadata": {
                "operationMetadataId": "1b6d4ec2-5494-4eee-ab56-83e479d583f4"
              },
              "type": "ParseJson",
              "inputs": {
                "content": "@body('Get_event')",
                "schema": {
                  "type": "object",
                  "properties": {
                    "@@odata.context": {
                      "type": "string"
                    },
                    "@@odata.etag": {
                      "type": "string"
                    },
                    "id": {
                      "type": "string"
                    },
                    "createdDateTime": {
                      "type": "string"
                    },
                    "lastModifiedDateTime": {
                      "type": "string"
                    },
                    "changeKey": {
                      "type": "string"
                    },
                    "categories": {
                      "type": "array"
                    },
                    "transactionId": {},
                    "originalStartTimeZone": {
                      "type": "string"
                    },
                    "originalEndTimeZone": {
                      "type": "string"
                    },
                    "iCalUId": {
                      "type": "string"
                    },
                    "uid": {
                      "type": "string"
                    },
                    "reminderMinutesBeforeStart": {
                      "type": "integer"
                    },
                    "isReminderOn": {
                      "type": "boolean"
                    },
                    "hasAttachments": {
                      "type": "boolean"
                    },
                    "subject": {
                      "type": "string"
                    },
                    "bodyPreview": {
                      "type": "string"
                    },
                    "importance": {
                      "type": "string"
                    },
                    "sensitivity": {
                      "type": "string"
                    },
                    "isAllDay": {
                      "type": "boolean"
                    },
                    "isCancelled": {
                      "type": "boolean"
                    },
                    "isOrganizer": {
                      "type": "boolean"
                    },
                    "responseRequested": {
                      "type": "boolean"
                    },
                    "seriesMasterId": {},
                    "showAs": {
                      "type": "string"
                    },
                    "type": {
                      "type": "string"
                    },
                    "webLink": {
                      "type": "string"
                    },
                    "onlineMeetingUrl": {},
                    "isOnlineMeeting": {
                      "type": "boolean"
                    },
                    "onlineMeetingProvider": {
                      "type": "string"
                    },
                    "allowNewTimeProposals": {
                      "type": "boolean"
                    },
                    "occurrenceId": {},
                    "isDraft": {
                      "type": "boolean"
                    },
                    "hideAttendees": {
                      "type": "boolean"
                    },
                    "responseStatus": {
                      "type": "object",
                      "properties": {
                        "response": {
                          "type": "string"
                        },
                        "time": {
                          "type": "string"
                        }
                      }
                    },
                    "body": {
                      "type": "object",
                      "properties": {
                        "contentType": {
                          "type": "string"
                        },
                        "content": {
                          "type": "string"
                        }
                      }
                    },
                    "start": {
                      "type": "object",
                      "properties": {
                        "dateTime": {
                          "type": "string"
                        },
                        "timeZone": {
                          "type": "string"
                        }
                      }
                    },
                    "end": {
                      "type": "object",
                      "properties": {
                        "dateTime": {
                          "type": "string"
                        },
                        "timeZone": {
                          "type": "string"
                        }
                      }
                    },
                    "location": {
                      "type": "object",
                      "properties": {
                        "displayName": {
                          "type": "string"
                        },
                        "locationType": {
                          "type": "string"
                        },
                        "uniqueIdType": {
                          "type": "string"
                        },
                        "address": {
                          "type": "object",
                          "properties": {}
                        },
                        "coordinates": {
                          "type": "object",
                          "properties": {}
                        }
                      }
                    },
                    "locations": {
                      "type": "array"
                    },
                    "recurrence": {},
                    "attendees": {
                      "type": "array",
                      "items": {
                        "type": "object",
                        "properties": {
                          "type": {
                            "type": "string"
                          },
                          "status": {
                            "type": "object",
                            "properties": {
                              "response": {
                                "type": "string"
                              },
                              "time": {
                                "type": "string"
                              }
                            }
                          },
                          "emailAddress": {
                            "type": "object",
                            "properties": {
                              "name": {
                                "type": "string"
                              },
                              "address": {
                                "type": "string"
                              }
                            }
                          }
                        },
                        "required": [
                          "type",
                          "status",
                          "emailAddress"
                        ]
                      }
                    },
                    "organizer": {
                      "type": "object",
                      "properties": {
                        "emailAddress": {
                          "type": "object",
                          "properties": {
                            "name": {
                              "type": "string"
                            },
                            "address": {
                              "type": "string"
                            }
                          }
                        }
                      }
                    },
                    "onlineMeeting": {},
                    "calendar@odata.associationLink": {
                      "type": "string"
                    },
                    "calendar@odata.navigationLink": {
                      "type": "string"
                    }
                  }
                }
              }
            },
            "New_attendee": {
              "runAfter": {
                "Parse_JSON": [
                  "Succeeded"
                ]
              },
              "metadata": {
                "operationMetadataId": "1cf4940f-deac-4eb1-9e00-349cff3b5369"
              },
              "type": "Compose",
              "inputs": [
                {
                  "type": "required",
                  "emailAddress": {
                    "address": "@{outputs('Get_user_profile_(V2)')?['body/mail']}"
                  }
                }
              ]
            },
            "Add_attendee_to_event": {
              "runAfter": {
                "New_attendee": [
                  "Succeeded"
                ]
              },
              "metadata": {
                "operationMetadataId": "caab8a73-f63c-4986-872c-96f802f6ca13"
              },
              "type": "OpenApiConnection",
              "inputs": {
                "host": {
                  "connectionName": "shared_office365",
                  "operationId": "HttpRequest",
                  "apiId": "/providers/Microsoft.PowerApps/apis/shared_office365"
                },
                "parameters": {
                  "Uri": "https://graph.microsoft.com/v1.0/me/calendar/events/@{outputs('Get_timeslot')?['body/lunch_meetingid']}",
                  "Method": "PATCH",
                  "Body": "{\n\"attendees\": @{union(body('Parse_JSON')?['attendees'],outputs('New_attendee'))}\n}",
                  "ContentType": "application/json"
                },
                "authentication": {
                  "type": "Raw",
                  "value": "@json(decodeBase64(triggerOutputs().headers['X-MS-APIM-Tokens']))['$ConnectionKey']"
                }
              }
            }
          },
          "runAfter": {
            "Get_timeslot": [
              "Succeeded"
            ]
          },
          "expression": {
            "not": {
              "equals": [
                "@outputs('Get_timeslot')?['body/lunch_meetingid']",
                "@null"
              ]
            }
          },
          "metadata": {
            "operationMetadataId": "c2a85a34-3737-4896-93f4-22d315b56940"
          },
          "type": "If"
        },
        "Get_participant": {
          "runAfter": {
            "Get_invitation": [
              "Succeeded"
            ]
          },
          "metadata": {
            "operationMetadataId": "4d7f8c04-104a-496b-aa8c-d60d24d81636"
          },
          "type": "OpenApiConnection",
          "inputs": {
            "host": {
              "connectionName": "shared_commondataserviceforapps",
              "operationId": "GetItem",
              "apiId": "/providers/Microsoft.PowerApps/apis/shared_commondataserviceforapps"
            },
            "parameters": {
              "entityName": "lunch_participants",
              "recordId": "@outputs('Get_invitation')?['body/_lunch_participant_value']"
            },
            "authentication": {
              "type": "Raw",
              "value": "@json(decodeBase64(triggerOutputs().headers['X-MS-APIM-Tokens']))['$ConnectionKey']"
            }
          }
        },
        "Get_user_profile_(V2)": {
          "runAfter": {
            "Get_participant": [
              "Succeeded"
            ]
          },
          "metadata": {
            "operationMetadataId": "4b2d165e-4a4e-4919-8326-711bbb336db2"
          },
          "type": "OpenApiConnection",
          "inputs": {
            "host": {
              "connectionName": "shared_office365users",
              "operationId": "UserProfile_V2",
              "apiId": "/providers/Microsoft.PowerApps/apis/shared_office365users"
            },
            "parameters": {
              "id": "@outputs('Get_participant')?['body/_lunch_entrauser_value']"
            },
            "authentication": {
              "type": "Raw",
              "value": "@json(decodeBase64(triggerOutputs().headers['X-MS-APIM-Tokens']))['$ConnectionKey']"
            }
          }
        }
      }
    },
    "templateName": ""
  },
  "schemaVersion": "1.0.0.0"
}