{
  "properties": {
    "connectionReferences": {
      "shared_commondataserviceforapps": {
        "runtimeSource": "embedded",
        "connection": {
          "connectionReferenceLogicalName": "lunch_sharedcommondataserviceforapps_34eab"
        },
        "api": {
          "name": "shared_commondataserviceforapps"
        }
      }
    },
    "definition": {
      "$schema": "https://schema.management.azure.com/providers/Microsoft.Logic/schemas/2016-06-01/workflowdefinition.json#",
      "contentVersion": "1.0.0.0",
      "parameters": {
        "$connections": {
          "defaultValue": {},
          "type": "Object"
        },
        "$authentication": {
          "defaultValue": {},
          "type": "SecureObject"
        }
      },
      "triggers": {
        "manual": {
          "metadata": {
            "operationMetadataId": "eecd2498-2474-44c8-926a-e6fd43adfa78"
          },
          "type": "Request",
          "kind": "Button",
          "inputs": {
            "schema": {
              "type": "object",
              "properties": {
                "text": {
                  "title": "TimeslotId",
                  "type": "string",
                  "x-ms-dynamically-added": true,
                  "description": "Please enter your input",
                  "x-ms-content-hint": "TEXT"
                }
              },
              "required": [
                "text"
              ]
            }
          }
        }
      },
      "actions": {
        "Get_timeslot": {
          "runAfter": {},
          "metadata": {
            "operationMetadataId": "89a15284-23a6-4299-a2ca-7ff74e0a9601"
          },
          "type": "OpenApiConnection",
          "inputs": {
            "host": {
              "connectionName": "shared_commondataserviceforapps",
              "operationId": "GetItem",
              "apiId": "/providers/Microsoft.PowerApps/apis/shared_commondataserviceforapps"
            },
            "parameters": {
              "entityName": "lunch_timeslots",
              "recordId": "@triggerBody()['text']"
            },
            "authentication": {
              "type": "Raw",
              "value": "@json(decodeBase64(triggerOutputs().headers['X-MS-APIM-Tokens']))['$ConnectionKey']"
            }
          }
        },
        "Get_invitations": {
          "runAfter": {
            "Get_timeslot": [
              "Succeeded"
            ]
          },
          "metadata": {
            "operationMetadataId": "2f8367e9-fb11-4585-b242-c4c5923aa607"
          },
          "type": "OpenApiConnection",
          "inputs": {
            "host": {
              "connectionName": "shared_commondataserviceforapps",
              "operationId": "ListRecords",
              "apiId": "/providers/Microsoft.PowerApps/apis/shared_commondataserviceforapps"
            },
            "parameters": {
              "entityName": "lunch_invitations",
              "$filter": "_lunch_timeslot_value eq '@{outputs('Get_timeslot')?['body/lunch_timeslotid']}' and lunch_invitationstatus eq 3"
            },
            "authentication": {
              "type": "Raw",
              "value": "@json(decodeBase64(triggerOutputs().headers['X-MS-APIM-Tokens']))['$ConnectionKey']"
            }
          }
        },
        "Get_lunch": {
          "runAfter": {
            "Get_invitations": [
              "Succeeded"
            ]
          },
          "metadata": {
            "operationMetadataId": "58aabdf3-c5ec-429c-972a-43dec7395162"
          },
          "type": "OpenApiConnection",
          "inputs": {
            "host": {
              "connectionName": "shared_commondataserviceforapps",
              "operationId": "GetItem",
              "apiId": "/providers/Microsoft.PowerApps/apis/shared_commondataserviceforapps"
            },
            "parameters": {
              "entityName": "lunch_lunchs",
              "recordId": "@outputs('Get_timeslot')?['body/_lunch_lunch_value']"
            },
            "authentication": {
              "type": "Raw",
              "value": "@json(decodeBase64(triggerOutputs().headers['X-MS-APIM-Tokens']))['$ConnectionKey']"
            }
          }
        },
        "Apply_to_each": {
          "foreach": "@outputs('Get_invitations')?['body/value']",
          "actions": {
            "Request_feedback": {
              "runAfter": {},
              "metadata": {
                "operationMetadataId": "bb4591f8-0455-4730-bf30-b58e7c5af940"
              },
              "type": "Workflow",
              "inputs": {
                "host": {
                  "workflowReferenceName": "487eef62-9b76-ef11-ac21-000d3a5806f7"
                },
                "body": {
                  "text": "@items('Apply_to_each')?['lunch_invitationid']",
                  "text_1": "@outputs('Get_lunch')?['body/lunch_lunchid']",
                  "text_2": "@outputs('Get_timeslot')?['body/lunch_timeslotid']",
                  "text_3": "@items('Apply_to_each')?['_lunch_participant_value']",
                  "text_4": "@outputs('Get_lunch')?['body/lunch_lunchname']"
                }
              }
            }
          },
          "runAfter": {
            "Get_lunch": [
              "Succeeded"
            ]
          },
          "metadata": {
            "operationMetadataId": "f28f7007-38c7-4e79-809c-61fdfba5ea85"
          },
          "type": "Foreach"
        }
      }
    },
    "templateName": null
  },
  "schemaVersion": "1.0.0.0"
}