{
  "properties": {
    "connectionReferences": {
      "shared_commondataserviceforapps": {
        "runtimeSource": "embedded",
        "connection": {
          "connectionReferenceLogicalName": "lunch_sharedcommondataserviceforapps_34eab"
        },
        "api": {
          "name": "shared_commondataserviceforapps"
        }
      }
    },
    "definition": {
      "$schema": "https://schema.management.azure.com/providers/Microsoft.Logic/schemas/2016-06-01/workflowdefinition.json#",
      "contentVersion": "1.0.0.0",
      "parameters": {
        "$connections": {
          "defaultValue": {},
          "type": "Object"
        },
        "$authentication": {
          "defaultValue": {},
          "type": "SecureObject"
        }
      },
      "triggers": {
        "Recurrence": {
          "recurrence": {
            "frequency": "Day",
            "interval": 1,
            "startTime": "2024-09-20T18:30:00Z"
          },
          "metadata": {
            "operationMetadataId": "07c6e4b4-8834-4387-aa81-5a817b82a0c9"
          },
          "type": "Recurrence"
        }
      },
      "actions": {
        "Get_in_progress_lunches": {
          "runAfter": {},
          "metadata": {
            "operationMetadataId": "a1f26ff7-7720-49f4-8c13-d4787b080789"
          },
          "type": "OpenApiConnection",
          "inputs": {
            "host": {
              "connectionName": "shared_commondataserviceforapps",
              "operationId": "ListRecords",
              "apiId": "/providers/Microsoft.PowerApps/apis/shared_commondataserviceforapps"
            },
            "parameters": {
              "entityName": "lunch_lunchs",
              "$filter": "lunch_status eq 6"
            },
            "authentication": "@parameters('$authentication')"
          }
        },
        "For_each_in_progress_lunch": {
          "foreach": "@outputs('Get_in_progress_lunches')?['body/value']",
          "actions": {
            "Get_timeslots": {
              "runAfter": {},
              "metadata": {
                "operationMetadataId": "b7d1cb86-e4f7-42b6-b60c-33fbb2322d82"
              },
              "type": "OpenApiConnection",
              "inputs": {
                "host": {
                  "connectionName": "shared_commondataserviceforapps",
                  "operationId": "ListRecords",
                  "apiId": "/providers/Microsoft.PowerApps/apis/shared_commondataserviceforapps"
                },
                "parameters": {
                  "entityName": "lunch_timeslots",
                  "$filter": "_lunch_lunch_value eq '@{items('For_each_in_progress_lunch')?['lunch_lunchid']}' and lunch_meetingended ne true"
                },
                "authentication": "@parameters('$authentication')"
              }
            },
            "For_each_timeslot": {
              "foreach": "@outputs('Get_timeslots')?['body/value']",
              "actions": {
                "Meeting_should_have_been_completed": {
                  "actions": {
                    "End_meeting": {
                      "runAfter": {},
                      "metadata": {
                        "operationMetadataId": "447ddf12-198b-48e0-963c-c4918327a607"
                      },
                      "type": "OpenApiConnection",
                      "inputs": {
                        "host": {
                          "connectionName": "shared_commondataserviceforapps",
                          "operationId": "UpdateRecord",
                          "apiId": "/providers/Microsoft.PowerApps/apis/shared_commondataserviceforapps"
                        },
                        "parameters": {
                          "entityName": "lunch_timeslots",
                          "recordId": "@items('For_each_timeslot')?['lunch_timeslotid']",
                          "item/lunch_meetingended": true
                        },
                        "authentication": "@parameters('$authentication')"
                      }
                    }
                  },
                  "runAfter": {},
                  "expression": {
                    "less": [
                      "@items('For_each_timeslot')?['lunch_day']",
                      "@subtractFromTime(utcNow(),1,'Day')"
                    ]
                  },
                  "metadata": {
                    "operationMetadataId": "410383b3-1f41-4c28-88fb-4b0a35e592cd"
                  },
                  "type": "If"
                }
              },
              "runAfter": {
                "Get_timeslots": [
                  "Succeeded"
                ]
              },
              "metadata": {
                "operationMetadataId": "3f54f8c5-b59a-47d0-8335-59ab6c8b8498"
              },
              "type": "Foreach"
            },
            "Run_a_Child_Flow": {
              "runAfter": {
                "For_each_timeslot": [
                  "Succeeded"
                ]
              },
              "metadata": {
                "operationMetadataId": "772f6928-ced6-4f2b-bbac-ed68fbe23fb1"
              },
              "type": "Workflow",
              "inputs": {
                "host": {
                  "workflowReferenceName": "0aaa9e34-2277-ef11-ac21-000d3a5806f7"
                },
                "body": {
                  "text": "@items('For_each_in_progress_lunch')?['lunch_lunchid']"
                }
              }
            }
          },
          "runAfter": {
            "Get_in_progress_lunches": [
              "Succeeded"
            ]
          },
          "metadata": {
            "operationMetadataId": "9b20c405-ab9d-48ba-b5f5-1cb7a2699e29"
          },
          "type": "Foreach"
        }
      }
    },
    "templateName": null
  },
  "schemaVersion": "1.0.0.0"
}