{
  "properties": {
    "connectionReferences": {
      "shared_commondataserviceforapps": {
        "runtimeSource": "embedded",
        "connection": {
          "connectionReferenceLogicalName": "lunch_sharedcommondataserviceforapps_34eab"
        },
        "api": {
          "name": "shared_commondataserviceforapps"
        }
      }
    },
    "definition": {
      "$schema": "https://schema.management.azure.com/providers/Microsoft.Logic/schemas/2016-06-01/workflowdefinition.json#",
      "contentVersion": "1.0.0.0",
      "parameters": {
        "$connections": {
          "defaultValue": {},
          "type": "Object"
        },
        "$authentication": {
          "defaultValue": {},
          "type": "SecureObject"
        }
      },
      "triggers": {
        "When_a_row_is_added,_modified_or_deleted": {
          "metadata": {
            "operationMetadataId": "8e104150-0967-4726-93c2-af5534889d54"
          },
          "type": "OpenApiConnectionWebhook",
          "inputs": {
            "host": {
              "connectionName": "shared_commondataserviceforapps",
              "operationId": "SubscribeWebhookTrigger",
              "apiId": "/providers/Microsoft.PowerApps/apis/shared_commondataserviceforapps"
            },
            "parameters": {
              "subscriptionRequest/message": 4,
              "subscriptionRequest/entityname": "lunch_lunchschedulingprocess",
              "subscriptionRequest/scope": 4
            },
            "authentication": "@parameters('$authentication')"
          }
        }
      },
      "actions": {
        "Check_on_active_stage": {
          "runAfter": {
            "Get_Lunch": [
              "Succeeded"
            ]
          },
          "cases": {
            "Draft": {
              "case": "Draft",
              "actions": {}
            },
            "Group_creation": {
              "case": "Group Creation",
              "actions": {
                "Create_groups": {
                  "runAfter": {},
                  "metadata": {
                    "operationMetadataId": "2d0d2f39-1259-4697-999f-931d6775ae3b"
                  },
                  "type": "Workflow",
                  "inputs": {
                    "host": {
                      "workflowReferenceName": "3fc6e61c-566f-ef11-a670-000d3a387839"
                    },
                    "body": {
                      "text": "@outputs('Get_Lunch')?['body/lunch_lunchid']"
                    }
                  }
                }
              }
            },
            "Sending_Invitations": {
              "case": "Sending Invitations",
              "actions": {
                "Queue_invitations": {
                  "runAfter": {},
                  "metadata": {
                    "operationMetadataId": "4f0c4d47-df54-4102-8760-b8035de24ea9"
                  },
                  "type": "Workflow",
                  "inputs": {
                    "host": {
                      "workflowReferenceName": "0ab16a11-2b74-ef11-ac21-000d3a5806f7"
                    },
                    "body": {
                      "text": "@outputs('Get_Lunch')?['body/lunch_lunchid']"
                    }
                  }
                },
                "Find_next_stage": {
                  "runAfter": {
                    "Queue_invitations": [
                      "Succeeded"
                    ]
                  },
                  "metadata": {
                    "operationMetadataId": "36d96ff4-edb4-4bfb-882c-4f798833ce46"
                  },
                  "type": "OpenApiConnection",
                  "inputs": {
                    "host": {
                      "connectionName": "shared_commondataserviceforapps",
                      "operationId": "ListRecords",
                      "apiId": "/providers/Microsoft.PowerApps/apis/shared_commondataserviceforapps"
                    },
                    "parameters": {
                      "entityName": "processstages",
                      "$filter": "stagename eq 'In Progress' and _processid_value eq '@{triggerOutputs()?['body/_processid_value']}'",
                      "$top": 1
                    },
                    "authentication": "@parameters('$authentication')"
                  }
                },
                "Next_stage_found": {
                  "actions": {
                    "Move_to_next_step": {
                      "runAfter": {},
                      "metadata": {
                        "operationMetadataId": "74e183d5-1fa2-472f-8ffc-11afc56827c5"
                      },
                      "type": "OpenApiConnection",
                      "inputs": {
                        "host": {
                          "connectionName": "shared_commondataserviceforapps",
                          "operationId": "UpdateRecord",
                          "apiId": "/providers/Microsoft.PowerApps/apis/shared_commondataserviceforapps"
                        },
                        "parameters": {
                          "entityName": "lunch_lunchschedulingprocesses",
                          "recordId": "@triggerOutputs()?['body/businessprocessflowinstanceid']",
                          "item/activestageid@odata.bind": "processstages(@{first(outputs('Find_next_stage')?['body/value'])?['processstageid']})"
                        },
                        "authentication": "@parameters('$authentication')"
                      }
                    },
                    "Update_lunch_status_to_in_progress": {
                      "runAfter": {
                        "Move_to_next_step": [
                          "Succeeded"
                        ]
                      },
                      "metadata": {
                        "operationMetadataId": "5fecde7d-1d98-4487-8eb5-8f6d174ac48b"
                      },
                      "type": "OpenApiConnection",
                      "inputs": {
                        "host": {
                          "connectionName": "shared_commondataserviceforapps",
                          "operationId": "UpdateRecord",
                          "apiId": "/providers/Microsoft.PowerApps/apis/shared_commondataserviceforapps"
                        },
                        "parameters": {
                          "entityName": "lunch_lunchs",
                          "recordId": "@outputs('Get_Lunch')?['body/lunch_lunchid']",
                          "item/lunch_status": 6
                        },
                        "authentication": "@parameters('$authentication')"
                      }
                    }
                  },
                  "runAfter": {
                    "Find_next_stage": [
                      "Succeeded"
                    ]
                  },
                  "expression": {
                    "equals": [
                      "@length(outputs('Find_next_stage')?['body/value'])",
                      1
                    ]
                  },
                  "metadata": {
                    "operationMetadataId": "1e8726d6-961c-400d-a99b-19b7e70b77a8"
                  },
                  "type": "If"
                }
              }
            },
            "In_Progress": {
              "case": "In Progress",
              "actions": {}
            },
            "Completed": {
              "case": "Completed",
              "actions": {}
            }
          },
          "default": {
            "actions": {}
          },
          "expression": "@outputs('Get_stage')?['body/stagename']",
          "metadata": {
            "operationMetadataId": "5c621367-40b5-45c5-8820-2e10de4b0ddd"
          },
          "type": "Switch"
        },
        "Get_stage": {
          "runAfter": {},
          "metadata": {
            "operationMetadataId": "e63986c8-95c5-4fb5-b19e-d0baa8b764b3"
          },
          "type": "OpenApiConnection",
          "inputs": {
            "host": {
              "connectionName": "shared_commondataserviceforapps",
              "operationId": "GetItem",
              "apiId": "/providers/Microsoft.PowerApps/apis/shared_commondataserviceforapps"
            },
            "parameters": {
              "entityName": "processstages",
              "recordId": "@triggerOutputs()?['body/_activestageid_value']"
            },
            "authentication": "@parameters('$authentication')"
          }
        },
        "Get_Lunch": {
          "runAfter": {
            "Get_stage": [
              "Succeeded"
            ]
          },
          "metadata": {
            "operationMetadataId": "aaebf850-0c9c-413a-ae18-3b0623e76c1d"
          },
          "type": "OpenApiConnection",
          "inputs": {
            "host": {
              "connectionName": "shared_commondataserviceforapps",
              "operationId": "GetItem",
              "apiId": "/providers/Microsoft.PowerApps/apis/shared_commondataserviceforapps"
            },
            "parameters": {
              "entityName": "lunch_lunchs",
              "recordId": "@triggerOutputs()?['body/_bpf_lunch_lunchid_value']"
            },
            "authentication": "@parameters('$authentication')"
          }
        }
      }
    },
    "templateName": ""
  },
  "schemaVersion": "1.0.0.0"
}