{
  "properties": {
    "connectionReferences": {
      "shared_commondataserviceforapps": {
        "runtimeSource": "embedded",
        "connection": {
          "connectionReferenceLogicalName": "lunch_sharedcommondataserviceforapps_34eab"
        },
        "api": {
          "name": "shared_commondataserviceforapps"
        }
      },
      "shared_office365users": {
        "runtimeSource": "embedded",
        "connection": {
          "connectionReferenceLogicalName": "lunch_sharedoffice365users_d6db8"
        },
        "api": {
          "name": "shared_office365users"
        }
      }
    },
    "definition": {
      "$schema": "https://schema.management.azure.com/providers/Microsoft.Logic/schemas/2016-06-01/workflowdefinition.json#",
      "contentVersion": "1.0.0.0",
      "parameters": {
        "$connections": {
          "defaultValue": {},
          "type": "Object"
        },
        "$authentication": {
          "defaultValue": {},
          "type": "SecureObject"
        },
        "Reminder period (lunch_Reminderperiod)": {
          "defaultValue": 14,
          "type": "Int",
          "metadata": {
            "schemaName": "lunch_Reminderperiod",
            "description": "Number of days before the event to send the reminder"
          }
        }
      },
      "triggers": {
        "Recurrence": {
          "recurrence": {
            "frequency": "Week",
            "interval": 1,
            "startTime": "2024-09-15T07:30:00Z",
            "schedule": {
              "weekDays": [
                "Monday"
              ]
            }
          },
          "metadata": {
            "operationMetadataId": "24cc4ca0-6c93-4aef-8c4e-92ef3d08456a"
          },
          "type": "Recurrence"
        }
      },
      "actions": {
        "Get_relevant_lunches": {
          "runAfter": {},
          "metadata": {
            "operationMetadataId": "36a3d9f8-44a8-41d0-a915-452d4db56fb1"
          },
          "type": "OpenApiConnection",
          "inputs": {
            "host": {
              "connectionName": "shared_commondataserviceforapps",
              "operationId": "ListRecords",
              "apiId": "/providers/Microsoft.PowerApps/apis/shared_commondataserviceforapps"
            },
            "parameters": {
              "entityName": "lunch_lunchs",
              "$filter": "lunch_status eq 6"
            },
            "authentication": "@parameters('$authentication')"
          }
        },
        "Apply_to_each": {
          "foreach": "@outputs('Get_relevant_lunches')?['body/value']",
          "actions": {
            "Get_timeslots_for_next_2_weeks": {
              "runAfter": {},
              "metadata": {
                "operationMetadataId": "80970912-46e6-43e5-bd8c-29595c160caf"
              },
              "type": "OpenApiConnection",
              "inputs": {
                "host": {
                  "connectionName": "shared_commondataserviceforapps",
                  "operationId": "ListRecords",
                  "apiId": "/providers/Microsoft.PowerApps/apis/shared_commondataserviceforapps"
                },
                "parameters": {
                  "entityName": "lunch_timeslots",
                  "$filter": "lunch_day ge @{utcNow()} and lunch_day le @{addDays(utcNow(), int(string(parameters('Reminder period (lunch_Reminderperiod)'))))} and _lunch_lunch_value eq '@{items('Apply_to_each')?['lunch_lunchid']}'"
                },
                "authentication": "@parameters('$authentication')"
              }
            },
            "Get_pending_invitations": {
              "foreach": "@outputs('Get_timeslots_for_next_2_weeks')?['body/value']",
              "actions": {
                "Get_pending_invitations_for_timeslot": {
                  "runAfter": {},
                  "metadata": {
                    "operationMetadataId": "21e3a5fb-d575-4d20-b107-7cc88dd8adce"
                  },
                  "type": "OpenApiConnection",
                  "inputs": {
                    "host": {
                      "connectionName": "shared_commondataserviceforapps",
                      "operationId": "ListRecords",
                      "apiId": "/providers/Microsoft.PowerApps/apis/shared_commondataserviceforapps"
                    },
                    "parameters": {
                      "entityName": "lunch_invitations",
                      "$filter": "_lunch_timeslot_value eq '@{items('Get_pending_invitations')?['lunch_timeslotid']}' and lunch_invitationstatus eq 2"
                    },
                    "authentication": "@parameters('$authentication')"
                  }
                },
                "Send_reminder_for_each_invitation": {
                  "foreach": "@outputs('Get_pending_invitations_for_timeslot')?['body/value']",
                  "actions": {
                    "Get_user_profile_(V2)": {
                      "runAfter": {},
                      "metadata": {
                        "operationMetadataId": "7079681f-fb3f-4991-a922-d50964ebe80f"
                      },
                      "type": "OpenApiConnection",
                      "inputs": {
                        "host": {
                          "connectionName": "shared_office365users",
                          "operationId": "UserProfile_V2",
                          "apiId": "/providers/Microsoft.PowerApps/apis/shared_office365users"
                        },
                        "parameters": {
                          "id": "@items('Send_reminder_for_each_invitation')?['_lunch_participant_value']"
                        },
                        "authentication": "@parameters('$authentication')"
                      }
                    },
                    "Send_reminder": {
                      "runAfter": {
                        "Get_user_profile_(V2)": [
                          "Succeeded"
                        ]
                      },
                      "metadata": {
                        "operationMetadataId": "f0868ff2-3811-430d-9818-92e590e58bf5"
                      },
                      "type": "Workflow",
                      "inputs": {
                        "host": {
                          "workflowReferenceName": "05547f43-6c76-ef11-ac21-000d3a5806f7"
                        },
                        "body": {
                          "text": "{\n    \"$schema\": \"http://adaptivecards.io/schemas/adaptive-card.json\",\n    \"type\": \"AdaptiveCard\",\n    \"version\": \"1.0\",\n    \"body\": [\n        {\n            \"type\": \"TextBlock\",\n            \"text\": \"Hi @{outputs('Get_user_profile_(V2)')?['body/givenName']}, you were invited to the @{items('Apply_to_each')?['lunch_lunchname']}, but did not RSVP yet.\",\n            \"size\": \"large\",\n            \"weight\": \"bolder\",\n            \"style\": \"heading\",\n            \"wrap\": true\n        },\n        {\n            \"type\": \"TextBlock\",\n            \"text\": \"@{items('Apply_to_each')?['lunch_description']}\",\n            \"isSubtle\": true,\n            \"spacing\": \"Padding\",\n            \"wrap\": true\n        },\n {\n            \"type\": \"TextBlock\",\n            \"text\": \"Your assigned day: @{formatDateTime(items('Get_pending_invitations')?['lunch_day'],'dd-MM-yyyy')}\",\n            \"isSubtle\": false,\n            \"spacing\": \"Padding\",\n\"weight\": \"bolder\",\n            \"wrap\": true\n        },\n {\n            \"type\": \"TextBlock\",\n            \"text\": \"Could you please let us know whether you can make the lunch by using the buttons below? Thank you!\",\n            \"isSubtle\": true,\n            \"spacing\": \"Padding\",\n            \"wrap\": true\n        }\n    ],\n    \"actions\": [\n        {\n            \"type\": \"Action.Submit\",\n            \"title\": \"Accept\",\n            \"data\": {\n                \"x\": \"accept\"\n            }\n        },\n {\n            \"type\": \"Action.Submit\",\n            \"title\": \"I would like to join on another day\",\n            \"data\": {\n                \"x\": \"reschedule\"\n            }\n        },\n        {\n            \"type\": \"Action.Submit\",\n            \"title\": \"Decline\",\n            \"data\": {\n                \"x\": \"decline\"\n            }\n        }\n    ]\n}",
                          "text_1": "@outputs('Get_user_profile_(V2)')?['body/mail']",
                          "text_2": "@items('Get_pending_invitations')?['lunch_meetingid']",
                          "text_3": "@items('Send_reminder_for_each_invitation')?['lunch_invitationid']",
                          "text_4": "@items('Get_pending_invitations')?['lunch_timeslotid']"
                        }
                      }
                    }
                  },
                  "runAfter": {
                    "Get_pending_invitations_for_timeslot": [
                      "Succeeded"
                    ]
                  },
                  "metadata": {
                    "operationMetadataId": "157a2ca6-bea9-41e3-a5ee-37e4f207368b"
                  },
                  "type": "Foreach"
                }
              },
              "runAfter": {
                "Get_timeslots_for_next_2_weeks": [
                  "Succeeded"
                ]
              },
              "metadata": {
                "operationMetadataId": "d8e9ee46-ed16-4e2e-9eab-c46fc8fb6193"
              },
              "type": "Foreach"
            }
          },
          "runAfter": {
            "Get_relevant_lunches": [
              "Succeeded"
            ]
          },
          "metadata": {
            "operationMetadataId": "b67d0cde-7a40-4e4d-9cd9-ef5bafd41daf"
          },
          "type": "Foreach"
        }
      }
    },
    "templateName": ""
  },
  "schemaVersion": "1.0.0.0"
}