{
  "properties": {
    "connectionReferences": {
      "shared_commondataserviceforapps": {
        "runtimeSource": "embedded",
        "connection": {
          "connectionReferenceLogicalName": "lunch_sharedcommondataserviceforapps_34eab"
        },
        "api": {
          "name": "shared_commondataserviceforapps"
        }
      },
      "shared_office365": {
        "runtimeSource": "embedded",
        "connection": {
          "connectionReferenceLogicalName": "lunch_sharedoffice365_62478"
        },
        "api": {
          "name": "shared_office365"
        }
      }
    },
    "definition": {
      "$schema": "https://schema.management.azure.com/providers/Microsoft.Logic/schemas/2016-06-01/workflowdefinition.json#",
      "contentVersion": "1.0.0.0",
      "parameters": {
        "$connections": {
          "defaultValue": {},
          "type": "Object"
        },
        "$authentication": {
          "defaultValue": {},
          "type": "SecureObject"
        }
      },
      "triggers": {
        "Recurrence": {
          "recurrence": {
            "frequency": "Day",
            "interval": 1,
            "startTime": "2024-09-18T02:00:00Z"
          },
          "metadata": {
            "operationMetadataId": "1723057e-649b-4471-a135-6c147fcc92da"
          },
          "type": "Recurrence"
        }
      },
      "actions": {
        "List_in_progress_lunches": {
          "runAfter": {},
          "metadata": {
            "operationMetadataId": "104cb8fc-1b78-4fec-97c3-8fd9edfd2630"
          },
          "type": "OpenApiConnection",
          "inputs": {
            "host": {
              "connectionName": "shared_commondataserviceforapps",
              "operationId": "ListRecords",
              "apiId": "/providers/Microsoft.PowerApps/apis/shared_commondataserviceforapps"
            },
            "parameters": {
              "entityName": "lunch_lunchs",
              "$filter": "lunch_status eq 3"
            },
            "authentication": "@parameters('$authentication')"
          }
        },
        "For_each_lunch": {
          "foreach": "@outputs('List_in_progress_lunches')?['body/value']",
          "actions": {
            "Get_timeslots_for_lunch": {
              "runAfter": {},
              "metadata": {
                "operationMetadataId": "b02dc1c2-6f3b-4dcf-9227-f10966feaa8c"
              },
              "type": "OpenApiConnection",
              "inputs": {
                "host": {
                  "connectionName": "shared_commondataserviceforapps",
                  "operationId": "ListRecords",
                  "apiId": "/providers/Microsoft.PowerApps/apis/shared_commondataserviceforapps"
                },
                "parameters": {
                  "entityName": "lunch_timeslots",
                  "$filter": "_lunch_lunch_value eq '@{items('For_each_lunch')?['lunch_lunchid']}'"
                },
                "authentication": "@parameters('$authentication')"
              }
            },
            "For_each_timeslot": {
              "foreach": "@outputs('Get_timeslots_for_lunch')?['body/value']",
              "actions": {
                "Get_meeting": {
                  "runAfter": {},
                  "metadata": {
                    "operationMetadataId": "54d618e7-588f-4d39-aa51-f25bd78c84fc"
                  },
                  "type": "OpenApiConnection",
                  "inputs": {
                    "host": {
                      "connectionName": "shared_office365",
                      "operationId": "HttpRequest",
                      "apiId": "/providers/Microsoft.PowerApps/apis/shared_office365"
                    },
                    "parameters": {
                      "Uri": "https://graph.microsoft.com/v1.0/me/calendar/events/@{items('For_each_timeslot')?['lunch_meetingid']}",
                      "Method": "GET",
                      "ContentType": "application/json"
                    },
                    "authentication": "@parameters('$authentication')"
                  }
                },
                "Parse_JSON": {
                  "runAfter": {
                    "Get_meeting": [
                      "Succeeded"
                    ]
                  },
                  "metadata": {
                    "operationMetadataId": "1c8233ff-8107-4cad-8b58-e65c28d1672d"
                  },
                  "type": "ParseJson",
                  "inputs": {
                    "content": "@body('Get_meeting')",
                    "schema": {
                      "type": "object",
                      "properties": {
                        "@@odata.context": {
                          "type": "string"
                        },
                        "@@odata.etag": {
                          "type": "string"
                        },
                        "id": {
                          "type": "string"
                        },
                        "createdDateTime": {
                          "type": "string"
                        },
                        "lastModifiedDateTime": {
                          "type": "string"
                        },
                        "changeKey": {
                          "type": "string"
                        },
                        "categories": {
                          "type": "array"
                        },
                        "transactionId": {},
                        "originalStartTimeZone": {
                          "type": "string"
                        },
                        "originalEndTimeZone": {
                          "type": "string"
                        },
                        "iCalUId": {
                          "type": "string"
                        },
                        "uid": {
                          "type": "string"
                        },
                        "reminderMinutesBeforeStart": {
                          "type": "integer"
                        },
                        "isReminderOn": {
                          "type": "boolean"
                        },
                        "hasAttachments": {
                          "type": "boolean"
                        },
                        "subject": {
                          "type": "string"
                        },
                        "bodyPreview": {
                          "type": "string"
                        },
                        "importance": {
                          "type": "string"
                        },
                        "sensitivity": {
                          "type": "string"
                        },
                        "isAllDay": {
                          "type": "boolean"
                        },
                        "isCancelled": {
                          "type": "boolean"
                        },
                        "isOrganizer": {
                          "type": "boolean"
                        },
                        "responseRequested": {
                          "type": "boolean"
                        },
                        "seriesMasterId": {},
                        "showAs": {
                          "type": "string"
                        },
                        "type": {
                          "type": "string"
                        },
                        "webLink": {
                          "type": "string"
                        },
                        "onlineMeetingUrl": {},
                        "isOnlineMeeting": {
                          "type": "boolean"
                        },
                        "onlineMeetingProvider": {
                          "type": "string"
                        },
                        "allowNewTimeProposals": {
                          "type": "boolean"
                        },
                        "occurrenceId": {},
                        "isDraft": {
                          "type": "boolean"
                        },
                        "hideAttendees": {
                          "type": "boolean"
                        },
                        "responseStatus": {
                          "type": "object",
                          "properties": {
                            "response": {
                              "type": "string"
                            },
                            "time": {
                              "type": "string"
                            }
                          }
                        },
                        "body": {
                          "type": "object",
                          "properties": {
                            "contentType": {
                              "type": "string"
                            },
                            "content": {
                              "type": "string"
                            }
                          }
                        },
                        "start": {
                          "type": "object",
                          "properties": {
                            "dateTime": {
                              "type": "string"
                            },
                            "timeZone": {
                              "type": "string"
                            }
                          }
                        },
                        "end": {
                          "type": "object",
                          "properties": {
                            "dateTime": {
                              "type": "string"
                            },
                            "timeZone": {
                              "type": "string"
                            }
                          }
                        },
                        "location": {
                          "type": "object",
                          "properties": {
                            "displayName": {
                              "type": "string"
                            },
                            "locationType": {
                              "type": "string"
                            },
                            "uniqueIdType": {
                              "type": "string"
                            },
                            "address": {
                              "type": "object",
                              "properties": {}
                            },
                            "coordinates": {
                              "type": "object",
                              "properties": {}
                            }
                          }
                        },
                        "locations": {
                          "type": "array"
                        },
                        "recurrence": {},
                        "attendees": {
                          "type": "array",
                          "items": {
                            "type": "object",
                            "properties": {
                              "type": {
                                "type": "string"
                              },
                              "status": {
                                "type": "object",
                                "properties": {
                                  "response": {
                                    "type": "string"
                                  },
                                  "time": {
                                    "type": "string"
                                  }
                                }
                              },
                              "emailAddress": {
                                "type": "object",
                                "properties": {
                                  "name": {
                                    "type": "string"
                                  },
                                  "address": {
                                    "type": "string"
                                  }
                                }
                              }
                            },
                            "required": [
                              "type",
                              "status",
                              "emailAddress"
                            ]
                          }
                        },
                        "organizer": {
                          "type": "object",
                          "properties": {
                            "emailAddress": {
                              "type": "object",
                              "properties": {
                                "name": {
                                  "type": "string"
                                },
                                "address": {
                                  "type": "string"
                                }
                              }
                            }
                          }
                        },
                        "onlineMeeting": {},
                        "calendar@odata.associationLink": {
                          "type": "string"
                        },
                        "calendar@odata.navigationLink": {
                          "type": "string"
                        }
                      }
                    }
                  }
                },
                "Iterate_over_attendees_to_get_their_status": {
                  "foreach": "@body('Parse_JSON')?['attendees']",
                  "actions": {
                    "Filter_array": {
                      "runAfter": {},
                      "metadata": {
                        "operationMetadataId": "1ac02490-684e-4910-8647-b0f15af7087d"
                      },
                      "type": "Query",
                      "inputs": {
                        "from": "@outputs('Get_invitations')?['body/value']",
                        "where": "@equals(item()?['lunch_Participant']?['lunch_participantname'], items('Iterate_over_attendees_to_get_their_status')?['emailAddress']?['name'])"
                      }
                    },
                    "Found": {
                      "actions": {
                        "Different_status": {
                          "actions": {
                            "Condition": {
                              "actions": {
                                "Set_invitation_to_accepted": {
                                  "runAfter": {},
                                  "metadata": {
                                    "operationMetadataId": "bdc97891-643a-4d30-b653-c31ba4c02a46"
                                  },
                                  "type": "OpenApiConnection",
                                  "inputs": {
                                    "host": {
                                      "connectionName": "shared_commondataserviceforapps",
                                      "operationId": "UpdateRecord",
                                      "apiId": "/providers/Microsoft.PowerApps/apis/shared_commondataserviceforapps"
                                    },
                                    "parameters": {
                                      "entityName": "lunch_invitations",
                                      "recordId": "@first(body('Filter_array'))?['lunch_invitationid']",
                                      "item/lunch_invitationstatus": 3,
                                      "item/lunch_respondedon": "@utcNow()"
                                    },
                                    "authentication": "@parameters('$authentication')"
                                  }
                                }
                              },
                              "runAfter": {},
                              "else": {
                                "actions": {
                                  "Set_invitation_to_declined": {
                                    "runAfter": {},
                                    "metadata": {
                                      "operationMetadataId": "663fa96a-0ae1-4246-9517-8cf216765b9d"
                                    },
                                    "type": "OpenApiConnection",
                                    "inputs": {
                                      "host": {
                                        "connectionName": "shared_commondataserviceforapps",
                                        "operationId": "UpdateRecord",
                                        "apiId": "/providers/Microsoft.PowerApps/apis/shared_commondataserviceforapps"
                                      },
                                      "parameters": {
                                        "entityName": "lunch_invitations",
                                        "recordId": "@first(body('Filter_array'))?['lunch_invitationid']",
                                        "item/lunch_invitationstatus": 4,
                                        "item/lunch_respondedon": "@utcNow()"
                                      },
                                      "authentication": "@parameters('$authentication')"
                                    }
                                  }
                                }
                              },
                              "expression": {
                                "equals": [
                                  "@items('Iterate_over_attendees_to_get_their_status')?['status']?['response']",
                                  "accepted"
                                ]
                              },
                              "metadata": {
                                "operationMetadataId": "2aed7b61-f8d0-4f01-9ee7-44f351f05256"
                              },
                              "type": "If"
                            }
                          },
                          "runAfter": {},
                          "expression": {
                            "or": [
                              {
                                "and": [
                                  {
                                    "not": {
                                      "equals": [
                                        "@first(body('Filter_array'))?['lunch_invitationstatus']",
                                        3
                                      ]
                                    }
                                  },
                                  {
                                    "equals": [
                                      "@items('Iterate_over_attendees_to_get_their_status')?['status']?['response']",
                                      "accepted"
                                    ]
                                  }
                                ]
                              },
                              {
                                "and": [
                                  {
                                    "not": {
                                      "equals": [
                                        "@first(body('Filter_array'))?['lunch_invitationstatus']",
                                        4
                                      ]
                                    }
                                  },
                                  {
                                    "equals": [
                                      "@items('Iterate_over_attendees_to_get_their_status')?['status']?['response']",
                                      "declined"
                                    ]
                                  }
                                ]
                              }
                            ]
                          },
                          "metadata": {
                            "operationMetadataId": "9da0e379-8e14-4657-a7f7-0bac570ed051"
                          },
                          "type": "If"
                        }
                      },
                      "runAfter": {
                        "Filter_array": [
                          "Succeeded"
                        ]
                      },
                      "expression": {
                        "equals": [
                          "@length(body('Filter_array'))",
                          1
                        ]
                      },
                      "metadata": {
                        "operationMetadataId": "fc2faef5-7c12-4aee-8262-985b65c260b7"
                      },
                      "type": "If"
                    }
                  },
                  "runAfter": {
                    "Get_invitations": [
                      "Succeeded"
                    ]
                  },
                  "metadata": {
                    "operationMetadataId": "c9ad1763-5a5a-4ea1-8dda-062ecdd0994a"
                  },
                  "type": "Foreach"
                },
                "Accepted": {
                  "runAfter": {
                    "Parse_JSON": [
                      "Succeeded"
                    ]
                  },
                  "metadata": {
                    "operationMetadataId": "a4185a6f-98ad-4f99-b1c9-c374b7b114dc"
                  },
                  "type": "Query",
                  "inputs": {
                    "from": "@body('Parse_JSON')?['attendees']",
                    "where": "@equals(item()?['status']?['response'], 'accepted')"
                  }
                },
                "Declined": {
                  "runAfter": {
                    "Accepted": [
                      "Succeeded"
                    ]
                  },
                  "metadata": {
                    "operationMetadataId": "25d3887a-a55c-4026-b2d6-becb9c7efbc8"
                  },
                  "type": "Query",
                  "inputs": {
                    "from": "@body('Parse_JSON')?['attendees']",
                    "where": "@equals(item()?['status']?['response'], 'declined')"
                  }
                },
                "Count_needs_to_be_updated": {
                  "actions": {
                    "Update_capacity_for_timeslot": {
                      "runAfter": {},
                      "metadata": {
                        "operationMetadataId": "3afb643d-7abc-4fb0-86a7-a016829f6b6f"
                      },
                      "type": "OpenApiConnection",
                      "inputs": {
                        "host": {
                          "connectionName": "shared_commondataserviceforapps",
                          "operationId": "UpdateRecord",
                          "apiId": "/providers/Microsoft.PowerApps/apis/shared_commondataserviceforapps"
                        },
                        "parameters": {
                          "entityName": "lunch_timeslots",
                          "recordId": "@items('For_each_timeslot')?['lunch_timeslotid']",
                          "item/lunch_usedcapacity": "@sub(length(body('Accepted')),length(body('Declined')))"
                        },
                        "authentication": "@parameters('$authentication')"
                      }
                    }
                  },
                  "runAfter": {
                    "Iterate_over_attendees_to_get_their_status": [
                      "Succeeded"
                    ]
                  },
                  "expression": {
                    "not": {
                      "equals": [
                        "@sub(length(body('Accepted')),length(body('Declined')))",
                        "@items('For_each_timeslot')?['lunch_usedcapacity']"
                      ]
                    }
                  },
                  "metadata": {
                    "operationMetadataId": "614df08e-fe44-42bc-911d-e9691660b2c7"
                  },
                  "type": "If"
                },
                "Get_invitations": {
                  "runAfter": {
                    "Declined": [
                      "Succeeded"
                    ]
                  },
                  "metadata": {
                    "operationMetadataId": "9b97f0c0-51da-4b48-a1d4-7ee67edd5472"
                  },
                  "type": "OpenApiConnection",
                  "inputs": {
                    "host": {
                      "connectionName": "shared_commondataserviceforapps",
                      "operationId": "ListRecords",
                      "apiId": "/providers/Microsoft.PowerApps/apis/shared_commondataserviceforapps"
                    },
                    "parameters": {
                      "entityName": "lunch_invitations",
                      "$filter": "_lunch_timeslot_value eq '@{items('For_each_timeslot')?['lunch_timeslotid']}' and (lunch_invitationstatus eq 3 or lunch_invitationstatus eq 4)",
                      "$expand": "lunch_Participant($select=lunch_participantname)"
                    },
                    "authentication": "@parameters('$authentication')"
                  }
                }
              },
              "runAfter": {
                "Get_timeslots_for_lunch": [
                  "Succeeded"
                ]
              },
              "metadata": {
                "operationMetadataId": "51939210-3846-4a4f-accf-51258794a008"
              },
              "type": "Foreach"
            }
          },
          "runAfter": {
            "List_in_progress_lunches": [
              "Succeeded"
            ]
          },
          "metadata": {
            "operationMetadataId": "e5d89bba-cf19-4671-b9f6-0e59f0d645c6"
          },
          "type": "Foreach"
        }
      }
    },
    "templateName": ""
  },
  "schemaVersion": "1.0.0.0"
}