{
  "properties": {
    "connectionReferences": {
      "shared_office365users": {
        "runtimeSource": "embedded",
        "connection": {
          "connectionReferenceLogicalName": "lunch_sharedoffice365users_d6db8"
        },
        "api": {
          "name": "shared_office365users"
        }
      },
      "shared_commondataserviceforapps": {
        "runtimeSource": "embedded",
        "connection": {
          "connectionReferenceLogicalName": "lunch_sharedcommondataserviceforapps_34eab"
        },
        "api": {
          "name": "shared_commondataserviceforapps"
        }
      }
    },
    "definition": {
      "$schema": "https://schema.management.azure.com/providers/Microsoft.Logic/schemas/2016-06-01/workflowdefinition.json#",
      "contentVersion": "1.0.0.0",
      "parameters": {
        "$connections": {
          "defaultValue": {},
          "type": "Object"
        },
        "$authentication": {
          "defaultValue": {},
          "type": "SecureObject"
        }
      },
      "triggers": {
        "manual": {
          "metadata": {
            "operationMetadataId": "88ff6ea2-cc13-4fc6-a848-0c935cf70938"
          },
          "type": "Request",
          "kind": "Button",
          "inputs": {
            "schema": {
              "type": "object",
              "properties": {
                "text": {
                  "title": "UPN",
                  "type": "string",
                  "x-ms-dynamically-added": true,
                  "description": "Please enter your input",
                  "x-ms-content-hint": "TEXT"
                },
                "text_1": {
                  "title": "LunchId",
                  "type": "string",
                  "x-ms-dynamically-added": true,
                  "description": "Please enter your input",
                  "x-ms-content-hint": "TEXT"
                }
              },
              "required": [
                "text",
                "text_1"
              ]
            }
          }
        }
      },
      "actions": {
        "Respond_to_a_Power_App_or_flow": {
          "runAfter": {
            "Do_until": [
              "Succeeded"
            ]
          },
          "metadata": {
            "operationMetadataId": "2ddcd5fa-df15-48e1-b7d9-a92599502d6f"
          },
          "type": "Response",
          "kind": "PowerApp",
          "inputs": {
            "statusCode": 200,
            "body": {
              "done": true
            },
            "schema": {
              "type": "object",
              "properties": {
                "done": {
                  "title": "done",
                  "x-ms-dynamically-added": true,
                  "type": "boolean"
                }
              }
            }
          }
        },
        "Get_user_profile_(V2)": {
          "runAfter": {
            "Init_current_iteration_variable": [
              "Succeeded"
            ]
          },
          "metadata": {
            "operationMetadataId": "21530692-5bd0-47cb-9130-b81852032c62"
          },
          "type": "OpenApiConnection",
          "inputs": {
            "host": {
              "connectionName": "shared_office365users",
              "operationId": "UserProfile_V2",
              "apiId": "/providers/Microsoft.PowerApps/apis/shared_office365users"
            },
            "parameters": {
              "id": "@triggerBody()['text']"
            },
            "authentication": {
              "type": "Raw",
              "value": "@json(decodeBase64(triggerOutputs().headers['X-MS-APIM-Tokens']))['$ConnectionKey']"
            }
          }
        },
        "Get_direct_reports_(V2)": {
          "runAfter": {
            "Get_user_profile_(V2)": [
              "Succeeded"
            ]
          },
          "metadata": {
            "operationMetadataId": "4fd0309d-ae5b-42ef-9b64-3d011124c669"
          },
          "type": "OpenApiConnection",
          "inputs": {
            "host": {
              "connectionName": "shared_office365users",
              "operationId": "DirectReports_V2",
              "apiId": "/providers/Microsoft.PowerApps/apis/shared_office365users"
            },
            "parameters": {
              "id": "@triggerBody()['text']"
            },
            "authentication": {
              "type": "Raw",
              "value": "@json(decodeBase64(triggerOutputs().headers['X-MS-APIM-Tokens']))['$ConnectionKey']"
            }
          }
        },
        "Has_direct_reports": {
          "actions": {
            "Select": {
              "runAfter": {},
              "metadata": {
                "operationMetadataId": "fb45d59b-1a3b-45e3-9751-2569e389e58c"
              },
              "type": "Select",
              "inputs": {
                "from": "@outputs('Get_direct_reports_(V2)')?['body/value']",
                "select": {
                  "upn": "@item()?['id']",
                  "name": "@item()?['displayName']",
                  "managerUpn": "@outputs('Get_user_profile_(V2)')?['body/id']",
                  "managerName": "@outputs('Get_user_profile_(V2)')?['body/displayName']"
                }
              }
            },
            "Add_to_queue": {
              "foreach": "@body('Select')",
              "actions": {
                "Append_initial_reports_to_queue": {
                  "runAfter": {},
                  "metadata": {
                    "operationMetadataId": "d3afccd8-0f19-4b28-87dd-a1cbf3e311f2"
                  },
                  "type": "AppendToArrayVariable",
                  "inputs": {
                    "name": "queue",
                    "value": "@item()"
                  }
                }
              },
              "runAfter": {
                "Select": [
                  "Succeeded"
                ]
              },
              "metadata": {
                "operationMetadataId": "c7cadefd-920e-44ee-837e-5227f31d981d"
              },
              "type": "Foreach"
            },
            "Add_top_level_as_manager": {
              "runAfter": {
                "Add_to_queue": [
                  "Succeeded"
                ]
              },
              "metadata": {
                "operationMetadataId": "dd298b72-e0b1-4466-af9e-e05f752cd736"
              },
              "type": "OpenApiConnection",
              "inputs": {
                "host": {
                  "connectionName": "shared_commondataserviceforapps",
                  "operationId": "UpdateRecord",
                  "apiId": "/providers/Microsoft.PowerApps/apis/shared_commondataserviceforapps"
                },
                "parameters": {
                  "entityName": "lunch_participants",
                  "recordId": "@outputs('Get_user_profile_(V2)')?['body/id']",
                  "item/lunch_EntraUser@odata.bind": "aadusers(@{outputs('Get_user_profile_(V2)')?['body/id']})",
                  "item/lunch_ismanager": true,
                  "item/lunch_participantname": "@outputs('Get_user_profile_(V2)')?['body/displayName']"
                },
                "authentication": {
                  "type": "Raw",
                  "value": "@json(decodeBase64(triggerOutputs().headers['X-MS-APIM-Tokens']))['$ConnectionKey']"
                }
              }
            },
            "Relate_top_level_manager_to_lunch": {
              "runAfter": {
                "Add_top_level_as_manager": [
                  "Succeeded"
                ]
              },
              "metadata": {
                "operationMetadataId": "f1683229-d064-4fc5-9730-621e069ae3f6"
              },
              "type": "OpenApiConnection",
              "inputs": {
                "host": {
                  "connectionName": "shared_commondataserviceforapps",
                  "operationId": "AssociateEntities",
                  "apiId": "/providers/Microsoft.PowerApps/apis/shared_commondataserviceforapps"
                },
                "parameters": {
                  "entityName": "lunch_lunchs",
                  "recordId": "@triggerBody()['text_1']",
                  "associationEntityRelationship": "lunch_Participant_lunch_Lunch_lunch_Lunch",
                  "item/@odata.id": "@outputs('Add_top_level_as_manager')?['body/@odata.id']"
                },
                "authentication": {
                  "type": "Raw",
                  "value": "@json(decodeBase64(triggerOutputs().headers['X-MS-APIM-Tokens']))['$ConnectionKey']"
                }
              }
            }
          },
          "runAfter": {
            "Get_direct_reports_(V2)": [
              "Succeeded"
            ]
          },
          "else": {
            "actions": {
              "Add_top_level_as_employee": {
                "runAfter": {},
                "metadata": {
                  "operationMetadataId": "dd298b72-e0b1-4466-af9e-e05f752cd736"
                },
                "type": "OpenApiConnection",
                "inputs": {
                  "host": {
                    "connectionName": "shared_commondataserviceforapps",
                    "operationId": "UpdateRecord",
                    "apiId": "/providers/Microsoft.PowerApps/apis/shared_commondataserviceforapps"
                  },
                  "parameters": {
                    "entityName": "lunch_participants",
                    "recordId": "@outputs('Get_user_profile_(V2)')?['body/id']",
                    "item/lunch_EntraUser@odata.bind": "aadusers(@{outputs('Get_user_profile_(V2)')?['body/id']})",
                    "item/lunch_ismanager": false,
                    "item/lunch_participantname": "@outputs('Get_user_profile_(V2)')?['body/displayName']"
                  },
                  "authentication": {
                    "type": "Raw",
                    "value": "@json(decodeBase64(triggerOutputs().headers['X-MS-APIM-Tokens']))['$ConnectionKey']"
                  }
                }
              },
              "Relate_top_level_employee_to_lunch": {
                "runAfter": {
                  "Add_top_level_as_employee": [
                    "Succeeded"
                  ]
                },
                "metadata": {
                  "operationMetadataId": "f1683229-d064-4fc5-9730-621e069ae3f6"
                },
                "type": "OpenApiConnection",
                "inputs": {
                  "host": {
                    "connectionName": "shared_commondataserviceforapps",
                    "operationId": "AssociateEntities",
                    "apiId": "/providers/Microsoft.PowerApps/apis/shared_commondataserviceforapps"
                  },
                  "parameters": {
                    "entityName": "lunch_lunchs",
                    "recordId": "@triggerBody()['text_1']",
                    "associationEntityRelationship": "lunch_Participant_lunch_Lunch_lunch_Lunch",
                    "item/@odata.id": "@outputs('Add_top_level_as_employee')?['body/@odata.id']"
                  },
                  "authentication": {
                    "type": "Raw",
                    "value": "@json(decodeBase64(triggerOutputs().headers['X-MS-APIM-Tokens']))['$ConnectionKey']"
                  }
                }
              }
            }
          },
          "expression": {
            "greater": [
              "@length(outputs('Get_direct_reports_(V2)')?['body/value'])",
              0
            ]
          },
          "metadata": {
            "operationMetadataId": "69bb3714-4e03-4618-aff7-2960649a4668"
          },
          "type": "If"
        },
        "Init_current_iteration_variable": {
          "runAfter": {
            "Init_queue": [
              "Succeeded"
            ]
          },
          "metadata": {
            "operationMetadataId": "b81f41a3-a983-43a1-9023-4d3018b2c4f6"
          },
          "type": "InitializeVariable",
          "inputs": {
            "variables": [
              {
                "name": "currIteration",
                "type": "integer",
                "value": 0
              }
            ]
          }
        },
        "Do_until": {
          "actions": {
            "Get_direct_reports_of_current_employee": {
              "runAfter": {},
              "metadata": {
                "operationMetadataId": "e714ce2b-e8e3-41f5-a457-5b67503ab3ba"
              },
              "type": "OpenApiConnection",
              "inputs": {
                "host": {
                  "connectionName": "shared_office365users",
                  "operationId": "DirectReports_V2",
                  "apiId": "/providers/Microsoft.PowerApps/apis/shared_office365users"
                },
                "parameters": {
                  "id": "@first(skip(variables('queue'),variables('currIteration')))?['upn']"
                },
                "authentication": {
                  "type": "Raw",
                  "value": "@json(decodeBase64(triggerOutputs().headers['X-MS-APIM-Tokens']))['$ConnectionKey']"
                }
              }
            },
            "Employee_has_direct_reports": {
              "actions": {
                "Select_2": {
                  "runAfter": {},
                  "metadata": {
                    "operationMetadataId": "7dfdd7d0-6a40-4f73-8042-a225dfa45354"
                  },
                  "type": "Select",
                  "inputs": {
                    "from": "@outputs('Get_direct_reports_of_current_employee')?['body/value']",
                    "select": {
                      "upn": "@item()?['id']",
                      "name": "@item()?['displayName']",
                      "managerUpn": "@first(skip(variables('queue'),variables('currIteration')))?['upn']",
                      "managerName": "@first(skip(variables('queue'),variables('currIteration')))?['name']"
                    }
                  }
                },
                "Apply_to_each_2": {
                  "foreach": "@body('Select_2')",
                  "actions": {
                    "Append_reports_to_queue": {
                      "runAfter": {},
                      "metadata": {
                        "operationMetadataId": "b7ac3ccf-3d25-4ccf-8039-cbc57cec7ba4"
                      },
                      "type": "AppendToArrayVariable",
                      "inputs": {
                        "name": "queue",
                        "value": "@item()"
                      }
                    }
                  },
                  "runAfter": {
                    "Select_2": [
                      "Succeeded"
                    ]
                  },
                  "metadata": {
                    "operationMetadataId": "9e3d7189-8dc1-4b15-8744-876062b1b12b"
                  },
                  "type": "Foreach"
                },
                "Add_current_as_manager": {
                  "runAfter": {
                    "Apply_to_each_2": [
                      "Succeeded"
                    ]
                  },
                  "metadata": {
                    "operationMetadataId": "70b3f59b-7394-422e-9599-fa2504099448"
                  },
                  "type": "OpenApiConnection",
                  "inputs": {
                    "host": {
                      "connectionName": "shared_commondataserviceforapps",
                      "operationId": "UpdateRecord",
                      "apiId": "/providers/Microsoft.PowerApps/apis/shared_commondataserviceforapps"
                    },
                    "parameters": {
                      "entityName": "lunch_participants",
                      "recordId": "@first(skip(variables('queue'),variables('currIteration')))?['upn']",
                      "item/lunch_EntraUser@odata.bind": "aadusers(@{first(skip(variables('queue'),variables('currIteration')))?['upn']})",
                      "item/lunch_ismanager": true,
                      "item/lunch_managername": "@first(skip(variables('queue'),variables('currIteration')))?['managerName']",
                      "item/lunch_participantname": "@first(skip(variables('queue'),variables('currIteration')))?['name']"
                    },
                    "authentication": {
                      "type": "Raw",
                      "value": "@json(decodeBase64(triggerOutputs().headers['X-MS-APIM-Tokens']))['$ConnectionKey']"
                    }
                  }
                },
                "Add_current_manager_to_lunch": {
                  "runAfter": {
                    "Add_current_as_manager": [
                      "Succeeded"
                    ]
                  },
                  "metadata": {
                    "operationMetadataId": "f1683229-d064-4fc5-9730-621e069ae3f6"
                  },
                  "type": "OpenApiConnection",
                  "inputs": {
                    "host": {
                      "connectionName": "shared_commondataserviceforapps",
                      "operationId": "AssociateEntities",
                      "apiId": "/providers/Microsoft.PowerApps/apis/shared_commondataserviceforapps"
                    },
                    "parameters": {
                      "entityName": "lunch_lunchs",
                      "recordId": "@triggerBody()['text_1']",
                      "associationEntityRelationship": "lunch_Participant_lunch_Lunch_lunch_Lunch",
                      "item/@odata.id": "@outputs('Add_current_as_manager')?['body/@odata.id']"
                    },
                    "authentication": {
                      "type": "Raw",
                      "value": "@json(decodeBase64(triggerOutputs().headers['X-MS-APIM-Tokens']))['$ConnectionKey']"
                    }
                  }
                }
              },
              "runAfter": {
                "Get_direct_reports_of_current_employee": [
                  "Succeeded"
                ]
              },
              "else": {
                "actions": {
                  "Add_current_as_employee": {
                    "runAfter": {},
                    "metadata": {
                      "operationMetadataId": "97904f19-deb2-4764-bb24-6e271118ffe7"
                    },
                    "type": "OpenApiConnection",
                    "inputs": {
                      "host": {
                        "connectionName": "shared_commondataserviceforapps",
                        "operationId": "UpdateRecord",
                        "apiId": "/providers/Microsoft.PowerApps/apis/shared_commondataserviceforapps"
                      },
                      "parameters": {
                        "entityName": "lunch_participants",
                        "recordId": "@first(skip(variables('queue'), variables('currIteration')))?['upn']",
                        "item/lunch_EntraUser@odata.bind": "aadusers(@{first(skip(variables('queue'), variables('currIteration')))?['upn']})",
                        "item/lunch_ismanager": false,
                        "item/lunch_managername": "@first(skip(variables('queue'),variables('currIteration')))?['managerName']",
                        "item/lunch_participantname": "@first(skip(variables('queue'), variables('currIteration')))?['name']"
                      },
                      "authentication": {
                        "type": "Raw",
                        "value": "@json(decodeBase64(triggerOutputs().headers['X-MS-APIM-Tokens']))['$ConnectionKey']"
                      }
                    }
                  },
                  "Add_current_employee_to_lunch": {
                    "runAfter": {
                      "Add_current_as_employee": [
                        "Succeeded"
                      ]
                    },
                    "metadata": {
                      "operationMetadataId": "f1683229-d064-4fc5-9730-621e069ae3f6"
                    },
                    "type": "OpenApiConnection",
                    "inputs": {
                      "host": {
                        "connectionName": "shared_commondataserviceforapps",
                        "operationId": "AssociateEntities",
                        "apiId": "/providers/Microsoft.PowerApps/apis/shared_commondataserviceforapps"
                      },
                      "parameters": {
                        "entityName": "lunch_lunchs",
                        "recordId": "@triggerBody()['text_1']",
                        "associationEntityRelationship": "lunch_Participant_lunch_Lunch_lunch_Lunch",
                        "item/@odata.id": "@outputs('Add_current_as_employee')?['body/@odata.id']"
                      },
                      "authentication": {
                        "type": "Raw",
                        "value": "@json(decodeBase64(triggerOutputs().headers['X-MS-APIM-Tokens']))['$ConnectionKey']"
                      }
                    }
                  }
                }
              },
              "expression": {
                "greater": [
                  "@length(outputs('Get_direct_reports_of_current_employee')?['body/value'])",
                  0
                ]
              },
              "metadata": {
                "operationMetadataId": "69bb3714-4e03-4618-aff7-2960649a4668"
              },
              "type": "If"
            },
            "Increment_variable": {
              "runAfter": {
                "Employee_has_direct_reports": [
                  "Succeeded"
                ]
              },
              "metadata": {
                "operationMetadataId": "0b514074-d9bd-4346-80e6-6265279a0d4e"
              },
              "type": "IncrementVariable",
              "inputs": {
                "name": "currIteration",
                "value": 1
              }
            },
            "Set_variable": {
              "runAfter": {
                "Increment_variable": [
                  "Succeeded"
                ]
              },
              "metadata": {
                "operationMetadataId": "a3d9317d-7c8b-40ac-8d14-b1d91dd5de67"
              },
              "type": "SetVariable",
              "inputs": {
                "name": "arrayLength",
                "value": "@length(variables('queue'))"
              }
            }
          },
          "runAfter": {
            "Initialize_arrayLength": [
              "Succeeded"
            ]
          },
          "expression": "@equals(variables('currIteration'), variables('arrayLength'))",
          "limit": {
            "count": 30,
            "timeout": "PT1H"
          },
          "metadata": {
            "operationMetadataId": "62db9f3e-004b-4a4b-83a1-4ef0fd29364c"
          },
          "type": "Until"
        },
        "Initialize_arrayLength": {
          "runAfter": {
            "Has_direct_reports": [
              "Succeeded"
            ]
          },
          "metadata": {
            "operationMetadataId": "82879d98-011c-44c2-8a1c-44ba86963000"
          },
          "type": "InitializeVariable",
          "inputs": {
            "variables": [
              {
                "name": "arrayLength",
                "type": "integer",
                "value": "@length(variables('queue'))"
              }
            ]
          }
        },
        "Init_queue": {
          "runAfter": {},
          "metadata": {
            "operationMetadataId": "a2b8e79f-7821-44fb-a197-9e2b8425e761"
          },
          "type": "InitializeVariable",
          "inputs": {
            "variables": [
              {
                "name": "queue",
                "type": "array",
                "value": []
              }
            ]
          }
        }
      }
    },
    "templateName": ""
  },
  "schemaVersion": "1.0.0.0"
}