{
  "properties": {
    "connectionReferences": {
      "shared_office365groups": {
        "runtimeSource": "embedded",
        "connection": {
          "connectionReferenceLogicalName": "lunch_sharedoffice365groups_e61ae"
        },
        "api": {
          "name": "shared_office365groups"
        }
      },
      "shared_office365users": {
        "runtimeSource": "embedded",
        "connection": {
          "connectionReferenceLogicalName": "lunch_sharedoffice365users_d6db8"
        },
        "api": {
          "name": "shared_office365users"
        }
      },
      "shared_commondataserviceforapps": {
        "runtimeSource": "embedded",
        "connection": {
          "connectionReferenceLogicalName": "lunch_sharedcommondataserviceforapps_34eab"
        },
        "api": {
          "name": "shared_commondataserviceforapps"
        }
      }
    },
    "definition": {
      "$schema": "https://schema.management.azure.com/providers/Microsoft.Logic/schemas/2016-06-01/workflowdefinition.json#",
      "contentVersion": "1.0.0.0",
      "parameters": {
        "$connections": {
          "defaultValue": {},
          "type": "Object"
        },
        "$authentication": {
          "defaultValue": {},
          "type": "SecureObject"
        }
      },
      "triggers": {
        "manual": {
          "metadata": {
            "operationMetadataId": "1677e88b-5502-4c30-b7ba-93130a122e9a"
          },
          "type": "Request",
          "kind": "Button",
          "inputs": {
            "schema": {
              "type": "object",
              "properties": {
                "text": {
                  "title": "LunchId",
                  "type": "string",
                  "x-ms-dynamically-added": true,
                  "description": "Please enter your input",
                  "x-ms-content-hint": "TEXT"
                },
                "text_1": {
                  "title": "Groupname",
                  "type": "string",
                  "x-ms-dynamically-added": true,
                  "description": "Please enter your input",
                  "x-ms-content-hint": "TEXT"
                }
              },
              "required": [
                "text",
                "text_1"
              ]
            }
          }
        }
      },
      "actions": {
        "List_groups": {
          "runAfter": {},
          "metadata": {
            "operationMetadataId": "ca5db792-7fd1-46b2-888d-4ccb5b382f54"
          },
          "type": "OpenApiConnection",
          "inputs": {
            "host": {
              "connectionName": "shared_office365groups",
              "operationId": "ListGroups",
              "apiId": "/providers/Microsoft.PowerApps/apis/shared_office365groups"
            },
            "parameters": {
              "$filter": "displayName eq '@{triggerBody()['text_1']}'"
            },
            "authentication": {
              "type": "Raw",
              "value": "@json(decodeBase64(triggerOutputs().headers['X-MS-APIM-Tokens']))['$ConnectionKey']"
            }
          }
        },
        "Group_found": {
          "actions": {
            "List_group_members": {
              "runAfter": {},
              "metadata": {
                "operationMetadataId": "c3b1cfe6-63a8-443e-8230-bd5043153c2a"
              },
              "type": "OpenApiConnection",
              "inputs": {
                "host": {
                  "connectionName": "shared_office365groups",
                  "operationId": "ListGroupMembers",
                  "apiId": "/providers/Microsoft.PowerApps/apis/shared_office365groups"
                },
                "parameters": {
                  "groupId": "@first(outputs('List_groups')?['body/value'])?['id']"
                },
                "authentication": {
                  "type": "Raw",
                  "value": "@json(decodeBase64(triggerOutputs().headers['X-MS-APIM-Tokens']))['$ConnectionKey']"
                }
              }
            },
            "Apply_to_each": {
              "foreach": "@outputs('List_group_members')?['body/value']",
              "actions": {
                "Get_direct_reports_(V2)": {
                  "runAfter": {},
                  "metadata": {
                    "operationMetadataId": "a3a93420-d322-4344-82c9-15bd04a1e4be"
                  },
                  "type": "OpenApiConnection",
                  "inputs": {
                    "host": {
                      "connectionName": "shared_office365users",
                      "operationId": "DirectReports_V2",
                      "apiId": "/providers/Microsoft.PowerApps/apis/shared_office365users"
                    },
                    "parameters": {
                      "id": "@items('Apply_to_each')?['id']"
                    },
                    "authentication": {
                      "type": "Raw",
                      "value": "@json(decodeBase64(triggerOutputs().headers['X-MS-APIM-Tokens']))['$ConnectionKey']"
                    }
                  }
                },
                "Check_for_no_direct_reports": {
                  "actions": {
                    "Add_participant": {
                      "runAfter": {},
                      "metadata": {
                        "operationMetadataId": "bf2499bc-4a23-4846-ac1a-f84be1ca1cdc"
                      },
                      "type": "OpenApiConnection",
                      "inputs": {
                        "host": {
                          "connectionName": "shared_commondataserviceforapps",
                          "operationId": "UpdateRecord",
                          "apiId": "/providers/Microsoft.PowerApps/apis/shared_commondataserviceforapps"
                        },
                        "parameters": {
                          "entityName": "lunch_participants",
                          "recordId": "@items('Apply_to_each')?['id']",
                          "item/lunch_EntraUser@odata.bind": "aadusers(@{items('Apply_to_each')?['id']})",
                          "item/lunch_ismanager": false,
                          "item/lunch_managername": "@outputs('Get_manager_(V2)')?['body/displayName']",
                          "item/lunch_participantname": "@items('Apply_to_each')?['displayName']"
                        },
                        "authentication": {
                          "type": "Raw",
                          "value": "@json(decodeBase64(triggerOutputs().headers['X-MS-APIM-Tokens']))['$ConnectionKey']"
                        }
                      }
                    },
                    "Add_participant_to_lunch": {
                      "runAfter": {
                        "Add_participant": [
                          "Succeeded"
                        ]
                      },
                      "metadata": {
                        "operationMetadataId": "8b120041-82fd-41c3-a591-6b57b4108bc3"
                      },
                      "type": "OpenApiConnection",
                      "inputs": {
                        "host": {
                          "connectionName": "shared_commondataserviceforapps",
                          "operationId": "AssociateEntities",
                          "apiId": "/providers/Microsoft.PowerApps/apis/shared_commondataserviceforapps"
                        },
                        "parameters": {
                          "entityName": "lunch_lunchs",
                          "recordId": "@triggerBody()['text']",
                          "associationEntityRelationship": "lunch_Participant_lunch_Lunch_lunch_Lunch",
                          "item/@odata.id": "@outputs('Add_participant')?['body/@odata.id']"
                        },
                        "authentication": {
                          "type": "Raw",
                          "value": "@json(decodeBase64(triggerOutputs().headers['X-MS-APIM-Tokens']))['$ConnectionKey']"
                        }
                      }
                    }
                  },
                  "runAfter": {
                    "Get_manager_(V2)": [
                      "Succeeded"
                    ]
                  },
                  "else": {
                    "actions": {
                      "Add_participant_as_manager": {
                        "runAfter": {},
                        "metadata": {
                          "operationMetadataId": "e1fa0f2f-9f1f-4d09-82d0-464c5e09825b"
                        },
                        "type": "OpenApiConnection",
                        "inputs": {
                          "host": {
                            "connectionName": "shared_commondataserviceforapps",
                            "operationId": "UpdateRecord",
                            "apiId": "/providers/Microsoft.PowerApps/apis/shared_commondataserviceforapps"
                          },
                          "parameters": {
                            "entityName": "lunch_participants",
                            "recordId": "@items('Apply_to_each')?['id']",
                            "item/lunch_EntraUser@odata.bind": "aadusers(@{items('Apply_to_each')?['id']})",
                            "item/lunch_ismanager": true,
                            "item/lunch_managername": "@outputs('Get_manager_(V2)')?['body/displayName']",
                            "item/lunch_participantname": "@items('Apply_to_each')?['displayName']"
                          },
                          "authentication": {
                            "type": "Raw",
                            "value": "@json(decodeBase64(triggerOutputs().headers['X-MS-APIM-Tokens']))['$ConnectionKey']"
                          }
                        }
                      },
                      "Add_to_lunch": {
                        "runAfter": {
                          "Add_participant_as_manager": [
                            "Succeeded"
                          ]
                        },
                        "metadata": {
                          "operationMetadataId": "b22f1781-29db-4c89-ad7c-1348bbcc5f7d"
                        },
                        "type": "OpenApiConnection",
                        "inputs": {
                          "host": {
                            "connectionName": "shared_commondataserviceforapps",
                            "operationId": "AssociateEntities",
                            "apiId": "/providers/Microsoft.PowerApps/apis/shared_commondataserviceforapps"
                          },
                          "parameters": {
                            "entityName": "lunch_lunchs",
                            "recordId": "@triggerBody()['text']",
                            "associationEntityRelationship": "lunch_Participant_lunch_Lunch_lunch_Lunch",
                            "item/@odata.id": "@outputs('Add_participant_as_manager')?['body/@odata.id']"
                          },
                          "authentication": {
                            "type": "Raw",
                            "value": "@json(decodeBase64(triggerOutputs().headers['X-MS-APIM-Tokens']))['$ConnectionKey']"
                          }
                        }
                      }
                    }
                  },
                  "expression": {
                    "equals": [
                      "@length(outputs('Get_direct_reports_(V2)')?['body/value'])",
                      0
                    ]
                  },
                  "metadata": {
                    "operationMetadataId": "2114bd0b-5861-42cb-baab-d8009ea7a107"
                  },
                  "type": "If"
                },
                "Get_manager_(V2)": {
                  "runAfter": {
                    "Get_direct_reports_(V2)": [
                      "Succeeded"
                    ]
                  },
                  "metadata": {
                    "operationMetadataId": "4a9052c2-5fdd-4ae5-a13c-348cdf37fbb4"
                  },
                  "type": "OpenApiConnection",
                  "inputs": {
                    "host": {
                      "connectionName": "shared_office365users",
                      "operationId": "Manager_V2",
                      "apiId": "/providers/Microsoft.PowerApps/apis/shared_office365users"
                    },
                    "parameters": {
                      "id": "@items('Apply_to_each')?['id']"
                    },
                    "authentication": {
                      "type": "Raw",
                      "value": "@json(decodeBase64(triggerOutputs().headers['X-MS-APIM-Tokens']))['$ConnectionKey']"
                    }
                  }
                },
                "Check_for_no_direct_reports_when_there_is_no_manager": {
                  "actions": {
                    "Add_participant_2": {
                      "runAfter": {},
                      "metadata": {
                        "operationMetadataId": "bf2499bc-4a23-4846-ac1a-f84be1ca1cdc"
                      },
                      "type": "OpenApiConnection",
                      "inputs": {
                        "host": {
                          "connectionName": "shared_commondataserviceforapps",
                          "operationId": "UpdateRecord",
                          "apiId": "/providers/Microsoft.PowerApps/apis/shared_commondataserviceforapps"
                        },
                        "parameters": {
                          "entityName": "lunch_participants",
                          "recordId": "@items('Apply_to_each')?['id']",
                          "item/lunch_EntraUser@odata.bind": "aadusers(@{items('Apply_to_each')?['id']})",
                          "item/lunch_ismanager": false,
                          "item/lunch_participantname": "@items('Apply_to_each')?['displayName']"
                        },
                        "authentication": {
                          "type": "Raw",
                          "value": "@json(decodeBase64(triggerOutputs().headers['X-MS-APIM-Tokens']))['$ConnectionKey']"
                        }
                      }
                    },
                    "Add_to_lunch_3": {
                      "runAfter": {
                        "Add_participant_2": [
                          "Succeeded"
                        ]
                      },
                      "metadata": {
                        "operationMetadataId": "b22f1781-29db-4c89-ad7c-1348bbcc5f7d"
                      },
                      "type": "OpenApiConnection",
                      "inputs": {
                        "host": {
                          "connectionName": "shared_commondataserviceforapps",
                          "operationId": "AssociateEntities",
                          "apiId": "/providers/Microsoft.PowerApps/apis/shared_commondataserviceforapps"
                        },
                        "parameters": {
                          "entityName": "lunch_lunchs",
                          "recordId": "@triggerBody()['text']",
                          "associationEntityRelationship": "lunch_Participant_lunch_Lunch_lunch_Lunch",
                          "item/@odata.id": "@outputs('Add_participant_2')?['body/@odata.id']"
                        },
                        "authentication": {
                          "type": "Raw",
                          "value": "@json(decodeBase64(triggerOutputs().headers['X-MS-APIM-Tokens']))['$ConnectionKey']"
                        }
                      }
                    }
                  },
                  "runAfter": {
                    "Get_manager_(V2)": [
                      "Failed"
                    ]
                  },
                  "else": {
                    "actions": {
                      "Add_participant_as_manager_2": {
                        "runAfter": {},
                        "metadata": {
                          "operationMetadataId": "e1fa0f2f-9f1f-4d09-82d0-464c5e09825b"
                        },
                        "type": "OpenApiConnection",
                        "inputs": {
                          "host": {
                            "connectionName": "shared_commondataserviceforapps",
                            "operationId": "UpdateRecord",
                            "apiId": "/providers/Microsoft.PowerApps/apis/shared_commondataserviceforapps"
                          },
                          "parameters": {
                            "entityName": "lunch_participants",
                            "recordId": "@items('Apply_to_each')?['id']",
                            "item/lunch_EntraUser@odata.bind": "aadusers(@{items('Apply_to_each')?['id']})",
                            "item/lunch_ismanager": true,
                            "item/lunch_participantname": "@items('Apply_to_each')?['displayName']"
                          },
                          "authentication": {
                            "type": "Raw",
                            "value": "@json(decodeBase64(triggerOutputs().headers['X-MS-APIM-Tokens']))['$ConnectionKey']"
                          }
                        }
                      },
                      "Add_to_lunch_2": {
                        "runAfter": {
                          "Add_participant_as_manager_2": [
                            "Succeeded"
                          ]
                        },
                        "metadata": {
                          "operationMetadataId": "b22f1781-29db-4c89-ad7c-1348bbcc5f7d"
                        },
                        "type": "OpenApiConnection",
                        "inputs": {
                          "host": {
                            "connectionName": "shared_commondataserviceforapps",
                            "operationId": "AssociateEntities",
                            "apiId": "/providers/Microsoft.PowerApps/apis/shared_commondataserviceforapps"
                          },
                          "parameters": {
                            "entityName": "lunch_lunchs",
                            "recordId": "@triggerBody()['text']",
                            "associationEntityRelationship": "lunch_Participant_lunch_Lunch_lunch_Lunch",
                            "item/@odata.id": "@outputs('Add_participant_as_manager_2')?['body/@odata.id']"
                          },
                          "authentication": {
                            "type": "Raw",
                            "value": "@json(decodeBase64(triggerOutputs().headers['X-MS-APIM-Tokens']))['$ConnectionKey']"
                          }
                        }
                      }
                    }
                  },
                  "expression": {
                    "equals": [
                      "@length(outputs('Get_direct_reports_(V2)')?['body/value'])",
                      0
                    ]
                  },
                  "metadata": {
                    "operationMetadataId": "0ee2cef1-90b7-4d18-b787-1d18ab058ce3"
                  },
                  "type": "If"
                }
              },
              "runAfter": {
                "List_group_members": [
                  "Succeeded"
                ]
              },
              "metadata": {
                "operationMetadataId": "a1e24920-9a18-49e1-910f-00eecd6c16e1"
              },
              "type": "Foreach"
            }
          },
          "runAfter": {
            "List_groups": [
              "Succeeded"
            ]
          },
          "expression": {
            "equals": [
              "@length(outputs('List_groups')?['body/value'])",
              1
            ]
          },
          "metadata": {
            "operationMetadataId": "323fa17c-212b-4afa-b50f-830686c9ff7f"
          },
          "type": "If"
        },
        "Respond_to_a_Power_App_or_flow": {
          "runAfter": {
            "Group_found": [
              "Succeeded",
              "Failed"
            ]
          },
          "metadata": {
            "operationMetadataId": "e036a5c1-1087-4492-be55-c0686b010b42"
          },
          "type": "Response",
          "kind": "PowerApp",
          "inputs": {
            "statusCode": 200,
            "body": {
              "success": "true"
            },
            "schema": {
              "type": "object",
              "properties": {
                "success": {
                  "title": "Success",
                  "x-ms-dynamically-added": true,
                  "type": "string"
                }
              }
            }
          }
        }
      }
    },
    "templateName": ""
  },
  "schemaVersion": "1.0.0.0"
}