{
  "properties": {
    "connectionReferences": {
      "shared_commondataserviceforapps": {
        "runtimeSource": "embedded",
        "connection": {
          "connectionReferenceLogicalName": "lunch_sharedcommondataserviceforapps_34eab"
        },
        "api": {
          "name": "shared_commondataserviceforapps"
        }
      }
    },
    "definition": {
      "$schema": "https://schema.management.azure.com/providers/Microsoft.Logic/schemas/2016-06-01/workflowdefinition.json#",
      "contentVersion": "1.0.0.0",
      "parameters": {
        "$connections": {
          "defaultValue": {},
          "type": "Object"
        },
        "$authentication": {
          "defaultValue": {},
          "type": "SecureObject"
        }
      },
      "triggers": {
        "manual": {
          "metadata": {
            "operationMetadataId": "dbf8cad9-40a4-4df1-9bdc-d0b484cf5fba"
          },
          "type": "Request",
          "kind": "Button",
          "inputs": {
            "schema": {
              "type": "object",
              "properties": {
                "text": {
                  "title": "LunchId",
                  "type": "string",
                  "x-ms-dynamically-added": true,
                  "description": "Please enter your input",
                  "x-ms-content-hint": "TEXT"
                }
              },
              "required": [
                "text"
              ]
            }
          }
        }
      },
      "actions": {
        "Get_lunch_process": {
          "runAfter": {},
          "metadata": {
            "operationMetadataId": "db201972-f2d5-489d-a765-01ab556c9b93"
          },
          "type": "OpenApiConnection",
          "inputs": {
            "host": {
              "connectionName": "shared_commondataserviceforapps",
              "operationId": "ListRecords",
              "apiId": "/providers/Microsoft.PowerApps/apis/shared_commondataserviceforapps"
            },
            "parameters": {
              "entityName": "lunch_lunchschedulingprocesses",
              "$filter": "_bpf_lunch_lunchid_value eq '@{triggerBody()['text']}'",
              "$top": 1
            },
            "authentication": {
              "type": "Raw",
              "value": "@json(decodeBase64(triggerOutputs().headers['X-MS-APIM-Tokens']))['$ConnectionKey']"
            }
          }
        },
        "Lunch_process_found": {
          "actions": {
            "Get_timeslots_that_are_not_completed": {
              "runAfter": {},
              "metadata": {
                "operationMetadataId": "bb00e355-959a-4a99-a950-47b4bcd5470b"
              },
              "type": "OpenApiConnection",
              "inputs": {
                "host": {
                  "connectionName": "shared_commondataserviceforapps",
                  "operationId": "ListRecords",
                  "apiId": "/providers/Microsoft.PowerApps/apis/shared_commondataserviceforapps"
                },
                "parameters": {
                  "entityName": "lunch_timeslots",
                  "$filter": "_lunch_lunch_value eq '@{triggerBody()['text']}' and lunch_meetingended ne true"
                },
                "authentication": {
                  "type": "Raw",
                  "value": "@json(decodeBase64(triggerOutputs().headers['X-MS-APIM-Tokens']))['$ConnectionKey']"
                }
              }
            },
            "No_more_open_timeslots": {
              "actions": {
                "Find_next_stage": {
                  "runAfter": {},
                  "metadata": {
                    "operationMetadataId": "36d96ff4-edb4-4bfb-882c-4f798833ce46"
                  },
                  "type": "OpenApiConnection",
                  "inputs": {
                    "host": {
                      "connectionName": "shared_commondataserviceforapps",
                      "operationId": "ListRecords",
                      "apiId": "/providers/Microsoft.PowerApps/apis/shared_commondataserviceforapps"
                    },
                    "parameters": {
                      "entityName": "processstages",
                      "$filter": "stagename eq 'Completed' and _processid_value eq '@{first(outputs('Get_lunch_process')?['body/value'])?['_processid_value']}'",
                      "$top": 1
                    },
                    "authentication": {
                      "type": "Raw",
                      "value": "@json(decodeBase64(triggerOutputs().headers['X-MS-APIM-Tokens']))['$ConnectionKey']"
                    }
                  }
                },
                "Next_stage_found": {
                  "actions": {
                    "Move_to_next_step": {
                      "runAfter": {},
                      "metadata": {
                        "operationMetadataId": "74e183d5-1fa2-472f-8ffc-11afc56827c5"
                      },
                      "type": "OpenApiConnection",
                      "inputs": {
                        "host": {
                          "connectionName": "shared_commondataserviceforapps",
                          "operationId": "UpdateRecord",
                          "apiId": "/providers/Microsoft.PowerApps/apis/shared_commondataserviceforapps"
                        },
                        "parameters": {
                          "entityName": "lunch_lunchschedulingprocesses",
                          "recordId": "@first(outputs('Get_lunch_process')?['body/value'])?['businessprocessflowinstanceid']",
                          "item/activestageid@odata.bind": "processstages(@{first(outputs('Find_next_stage')?['body/value'])?['processstageid']})",
                          "item/completedon": "@utcNow()",
                          "item/statuscode": 2
                        },
                        "authentication": {
                          "type": "Raw",
                          "value": "@json(decodeBase64(triggerOutputs().headers['X-MS-APIM-Tokens']))['$ConnectionKey']"
                        }
                      }
                    },
                    "Update_lunch_to_completed": {
                      "runAfter": {
                        "Move_to_next_step": [
                          "Succeeded"
                        ]
                      },
                      "metadata": {
                        "operationMetadataId": "284ba01b-beaf-427e-bfbf-25cdabba8b44"
                      },
                      "type": "OpenApiConnection",
                      "inputs": {
                        "host": {
                          "connectionName": "shared_commondataserviceforapps",
                          "operationId": "UpdateRecord",
                          "apiId": "/providers/Microsoft.PowerApps/apis/shared_commondataserviceforapps"
                        },
                        "parameters": {
                          "entityName": "lunch_lunchs",
                          "recordId": "@triggerBody()['text']",
                          "item/lunch_status": 7
                        },
                        "authentication": {
                          "type": "Raw",
                          "value": "@json(decodeBase64(triggerOutputs().headers['X-MS-APIM-Tokens']))['$ConnectionKey']"
                        }
                      }
                    }
                  },
                  "runAfter": {
                    "Find_next_stage": [
                      "Succeeded"
                    ]
                  },
                  "expression": {
                    "equals": [
                      "@length(outputs('Find_next_stage')?['body/value'])",
                      1
                    ]
                  },
                  "metadata": {
                    "operationMetadataId": "a7a15564-edaf-4344-9bd4-567f19da6097"
                  },
                  "type": "If"
                }
              },
              "runAfter": {
                "Get_timeslots_that_are_not_completed": [
                  "Succeeded"
                ]
              },
              "expression": {
                "equals": [
                  "@length(outputs('Get_timeslots_that_are_not_completed')?['body/value'])",
                  0
                ]
              },
              "metadata": {
                "operationMetadataId": "3cd583f4-2277-4bf9-ab6c-3ff5d085722e"
              },
              "type": "If"
            }
          },
          "runAfter": {
            "Get_lunch_process": [
              "Succeeded"
            ]
          },
          "expression": {
            "equals": [
              "@length(outputs('Get_lunch_process')?['body/value'])",
              1
            ]
          },
          "metadata": {
            "operationMetadataId": "a60324a3-9f59-4fbe-af29-e4df3611bbfe"
          },
          "type": "If"
        },
        "Respond_to_a_Power_App_or_flow": {
          "runAfter": {
            "Lunch_process_found": [
              "Succeeded"
            ]
          },
          "metadata": {
            "operationMetadataId": "d237fd63-b405-4d30-8e94-89eb2db68035"
          },
          "type": "Response",
          "kind": "PowerApp",
          "inputs": {
            "statusCode": 200,
            "body": {
              "success": "true"
            },
            "schema": {
              "type": "object",
              "properties": {
                "success": {
                  "title": "Success",
                  "x-ms-dynamically-added": true,
                  "type": "string"
                }
              }
            }
          }
        }
      }
    },
    "templateName": ""
  },
  "schemaVersion": "1.0.0.0"
}