{
  "properties": {
    "connectionReferences": {
      "shared_teams": {
        "runtimeSource": "embedded",
        "connection": {
          "connectionReferenceLogicalName": "lunch_sharedteams_511e9"
        },
        "api": {
          "name": "shared_teams"
        }
      },
      "shared_office365users": {
        "runtimeSource": "embedded",
        "connection": {
          "connectionReferenceLogicalName": "lunch_sharedoffice365users_d6db8"
        },
        "api": {
          "name": "shared_office365users"
        }
      },
      "shared_commondataserviceforapps": {
        "runtimeSource": "embedded",
        "connection": {
          "connectionReferenceLogicalName": "lunch_sharedcommondataserviceforapps_34eab"
        },
        "api": {
          "name": "shared_commondataserviceforapps"
        }
      }
    },
    "definition": {
      "$schema": "https://schema.management.azure.com/providers/Microsoft.Logic/schemas/2016-06-01/workflowdefinition.json#",
      "contentVersion": "1.0.0.0",
      "parameters": {
        "$connections": {
          "defaultValue": {},
          "type": "Object"
        },
        "$authentication": {
          "defaultValue": {},
          "type": "SecureObject"
        },
        "Test Mode (lunch_TestMode)": {
          "defaultValue": true,
          "type": "Bool",
          "metadata": {
            "schemaName": "lunch_TestMode"
          }
        },
        "Test mode email (lunch_Testmodeemail)": {
          "defaultValue": "admin@CRM746569.onmicrosoft.com",
          "type": "String",
          "metadata": {
            "schemaName": "lunch_Testmodeemail"
          }
        }
      },
      "triggers": {
        "manual": {
          "metadata": {
            "operationMetadataId": "31b57cca-ae41-4a2a-b205-1fb3b470a304"
          },
          "type": "Request",
          "kind": "Button",
          "inputs": {
            "schema": {
              "type": "object",
              "properties": {
                "text": {
                  "title": "InvitationId",
                  "type": "string",
                  "x-ms-dynamically-added": true,
                  "description": "Please enter your input",
                  "x-ms-content-hint": "TEXT"
                },
                "text_1": {
                  "title": "LunchId",
                  "type": "string",
                  "x-ms-dynamically-added": true,
                  "description": "Please enter your input",
                  "x-ms-content-hint": "TEXT"
                },
                "text_2": {
                  "title": "TimeslotId",
                  "type": "string",
                  "x-ms-dynamically-added": true,
                  "description": "Please enter your input",
                  "x-ms-content-hint": "TEXT"
                },
                "text_3": {
                  "title": "ParticipantId",
                  "type": "string",
                  "x-ms-dynamically-added": true,
                  "description": "Please enter your input",
                  "x-ms-content-hint": "TEXT"
                },
                "text_4": {
                  "title": "LunchName",
                  "type": "string",
                  "x-ms-dynamically-added": true,
                  "description": "Please enter your input",
                  "x-ms-content-hint": "TEXT"
                }
              },
              "required": [
                "text",
                "text_1",
                "text_2",
                "text_3",
                "text_4"
              ]
            }
          }
        }
      },
      "actions": {
        "Post_card": {
          "runAfter": {
            "Get_user_profile": [
              "Succeeded"
            ]
          },
          "metadata": {
            "operationMetadataId": "a6d813b9-afbe-4fa9-892c-53dfb3a8c866"
          },
          "type": "OpenApiConnectionWebhook",
          "inputs": {
            "host": {
              "connectionName": "shared_teams",
              "operationId": "PostCardAndWaitForResponse",
              "apiId": "/providers/Microsoft.PowerApps/apis/shared_teams"
            },
            "parameters": {
              "poster": "Power Virtual Agents",
              "location": "powerva",
              "body/body/messageBody": "{\n    \"$schema\": \"http://adaptivecards.io/schemas/adaptive-card.json\",\n    \"type\": \"AdaptiveCard\",\n    \"version\": \"1.0\",\n    \"body\": [\n        {\n            \"type\": \"TextBlock\",\n            \"text\": \"Hi @{outputs('Get_user_profile')?['body/givenName']}, you recently attended @{triggerBody()['text_4']}, could you please provide us some feedback?\",\n            \"size\": \"Large\",\n            \"weight\": \"Bolder\",\n            \"style\": \"heading\",\n            \"wrap\": true\n        },\n        {\n            \"type\": \"Input.ChoiceSet\",\n            \"choices\": [\n                {\n                    \"title\": \"1\",\n                    \"value\": \"1\"\n                },\n                {\n                    \"title\": \"2\",\n                    \"value\": \"2\"\n                },\n                {\n                    \"title\": \"3\",\n                    \"value\": \"3\"\n                },\n                {\n                    \"title\": \"4\",\n                    \"value\": \"4\"\n                },\n                {\n                    \"title\": \"5\",\n                    \"value\": \"5\"\n                }\n            ],\n            \"placeholder\": \"Rating\",\n            \"style\": \"expanded\",\n            \"label\": \"How would you rate the lunch (1 - worst, 5 - best)?\",\n            \"id\": \"rating\"\n        },\n        {\n            \"type\": \"Input.Text\",\n            \"placeholder\": \"\",\n            \"label\": \"Comment (optional)\",\n            \"id\": \"comment\"\n        }\n    ],\n    \"actions\": [\n        {\n            \"type\": \"Action.Submit\",\n            \"title\": \"Submit feedback\",\n            \"style\": \"positive\"\n        },\n        {\n            \"type\": \"Action.Submit\",\n            \"title\": \"I did not attend\"\n        }\n    ]\n}",
              "body/body/updateMessage": "Thanks for your response!",
              "body/body/recipient/to": "@{if(parameters('Test Mode (lunch_TestMode)'),parameters('Test mode email (lunch_Testmodeemail)'),outputs('Get_user_profile')?['body/mail'])};",
              "body/body/recipient/bot": "cr19f_lunchBot",
              "body/body/recipient/attribution": true,
              "body/body/recipient/activeChat": "Send",
              "body/body/recipient/installedError": "Fail"
            },
            "authentication": {
              "type": "Raw",
              "value": "@json(decodeBase64(triggerOutputs().headers['X-MS-APIM-Tokens']))['$ConnectionKey']"
            }
          }
        },
        "Get_user_profile": {
          "runAfter": {
            "Respond_to_a_Power_App_or_flow": [
              "Succeeded"
            ]
          },
          "metadata": {
            "operationMetadataId": "c20593e7-aaa8-400e-8341-71c1a4149af1"
          },
          "type": "OpenApiConnection",
          "inputs": {
            "host": {
              "connectionName": "shared_office365users",
              "operationId": "UserProfile_V2",
              "apiId": "/providers/Microsoft.PowerApps/apis/shared_office365users"
            },
            "parameters": {
              "id": "@triggerBody()['text_3']"
            },
            "authentication": {
              "type": "Raw",
              "value": "@json(decodeBase64(triggerOutputs().headers['X-MS-APIM-Tokens']))['$ConnectionKey']"
            }
          }
        },
        "Switch": {
          "runAfter": {
            "Post_card": [
              "Succeeded"
            ]
          },
          "cases": {
            "Submit_feedback": {
              "case": "Submit feedback",
              "actions": {
                "Add_attended_feedback": {
                  "runAfter": {},
                  "metadata": {
                    "operationMetadataId": "9757dfb3-d9ff-44f1-bd52-b21c2f5cfb60"
                  },
                  "type": "OpenApiConnection",
                  "inputs": {
                    "host": {
                      "connectionName": "shared_commondataserviceforapps",
                      "operationId": "CreateRecord",
                      "apiId": "/providers/Microsoft.PowerApps/apis/shared_commondataserviceforapps"
                    },
                    "parameters": {
                      "entityName": "lunch_attendeefeedbacks",
                      "item/lunch_attended": true,
                      "item/lunch_attendeefeedbackname": "@{triggerBody()['text_4']} - @{outputs('Get_user_profile')?['body/displayName']}",
                      "item/lunch_comment": "@body('Post_card')?['Data']?['comment']",
                      "item/lunch_Lunch@odata.bind": "lunch_lunchs(@{triggerBody()['text_1']})",
                      "item/lunch_Participant@odata.bind": "lunch_participants(@{triggerBody()['text_3']})",
                      "item/lunch_rating": "@int(body('Post_card')?['Data']?['rating'])",
                      "item/lunch_Timeslot@odata.bind": "lunch_timeslots(@{triggerBody()['text_2']})"
                    },
                    "authentication": {
                      "type": "Raw",
                      "value": "@json(decodeBase64(triggerOutputs().headers['X-MS-APIM-Tokens']))['$ConnectionKey']"
                    }
                  }
                }
              }
            },
            "I_did_not_attend": {
              "case": "I did not attend",
              "actions": {
                "Add_no_show": {
                  "runAfter": {},
                  "metadata": {
                    "operationMetadataId": "19e19975-3cdf-4e10-bf3e-616fecd7e468"
                  },
                  "type": "OpenApiConnection",
                  "inputs": {
                    "host": {
                      "connectionName": "shared_commondataserviceforapps",
                      "operationId": "CreateRecord",
                      "apiId": "/providers/Microsoft.PowerApps/apis/shared_commondataserviceforapps"
                    },
                    "parameters": {
                      "entityName": "lunch_attendeefeedbacks",
                      "item/lunch_attended": false,
                      "item/lunch_attendeefeedbackname": "@{triggerBody()['text_4']} - @{outputs('Get_user_profile')?['body/displayName']}",
                      "item/lunch_Lunch@odata.bind": "lunch_lunchs(@{triggerBody()['text_1']})",
                      "item/lunch_Participant@odata.bind": "lunch_participants(@{triggerBody()['text_3']})",
                      "item/lunch_Timeslot@odata.bind": "lunch_timeslots(@{triggerBody()['text_2']})"
                    },
                    "authentication": {
                      "type": "Raw",
                      "value": "@json(decodeBase64(triggerOutputs().headers['X-MS-APIM-Tokens']))['$ConnectionKey']"
                    }
                  }
                }
              }
            }
          },
          "default": {
            "actions": {}
          },
          "expression": "@body('Post_card')?['SubmitActionId']",
          "metadata": {
            "operationMetadataId": "b99f4cd1-7e34-4eb4-bacd-20ec7255ec9b"
          },
          "type": "Switch"
        },
        "Respond_to_a_Power_App_or_flow": {
          "runAfter": {},
          "metadata": {
            "operationMetadataId": "22e30c3d-5e75-4db6-a88d-67aefa928518"
          },
          "type": "Response",
          "kind": "PowerApp",
          "inputs": {
            "statusCode": 200,
            "body": {
              "status": "202"
            },
            "schema": {
              "type": "object",
              "properties": {
                "status": {
                  "title": "Status",
                  "x-ms-dynamically-added": true,
                  "type": "string"
                }
              }
            }
          }
        }
      }
    },
    "templateName": ""
  },
  "schemaVersion": "1.0.0.0"
}