{
  "properties": {
    "connectionReferences": {
      "shared_teams": {
        "runtimeSource": "embedded",
        "connection": {
          "connectionReferenceLogicalName": "lunch_sharedteams_511e9"
        },
        "api": {
          "name": "shared_teams"
        }
      },
      "shared_commondataserviceforapps": {
        "runtimeSource": "embedded",
        "connection": {
          "connectionReferenceLogicalName": "lunch_sharedcommondataserviceforapps_34eab"
        },
        "api": {
          "name": "shared_commondataserviceforapps"
        }
      },
      "shared_office365": {
        "runtimeSource": "embedded",
        "connection": {
          "connectionReferenceLogicalName": "lunch_sharedoffice365_62478"
        },
        "api": {
          "name": "shared_office365"
        }
      }
    },
    "definition": {
      "$schema": "https://schema.management.azure.com/providers/Microsoft.Logic/schemas/2016-06-01/workflowdefinition.json#",
      "contentVersion": "1.0.0.0",
      "parameters": {
        "$connections": {
          "defaultValue": {},
          "type": "Object"
        },
        "$authentication": {
          "defaultValue": {},
          "type": "SecureObject"
        },
        "Test mode email (lunch_Testmodeemail)": {
          "defaultValue": "admin@CRM746569.onmicrosoft.com",
          "type": "String",
          "metadata": {
            "schemaName": "lunch_Testmodeemail"
          }
        },
        "Test mode (lunch_TestMode)": {
          "defaultValue": true,
          "type": "Bool",
          "metadata": {
            "schemaName": "lunch_TestMode"
          }
        }
      },
      "triggers": {
        "manual": {
          "metadata": {
            "operationMetadataId": "9fcedf07-d22a-477d-b651-1d86eebbff3d"
          },
          "type": "Request",
          "kind": "Button",
          "inputs": {
            "schema": {
              "type": "object",
              "properties": {
                "text": {
                  "title": "Card",
                  "type": "string",
                  "x-ms-dynamically-added": true,
                  "description": "Please enter your input",
                  "x-ms-content-hint": "TEXT"
                },
                "text_1": {
                  "title": "To",
                  "type": "string",
                  "x-ms-dynamically-added": true,
                  "description": "Please enter your input",
                  "x-ms-content-hint": "TEXT"
                },
                "text_2": {
                  "title": "MeetingId",
                  "type": "string",
                  "x-ms-dynamically-added": true,
                  "description": "Please enter your input",
                  "x-ms-content-hint": "TEXT"
                },
                "text_3": {
                  "title": "InvitationId",
                  "type": "string",
                  "x-ms-dynamically-added": true,
                  "description": "Please enter your input",
                  "x-ms-content-hint": "TEXT"
                },
                "text_4": {
                  "title": "timeslotId",
                  "type": "string",
                  "x-ms-dynamically-added": true,
                  "description": "Please enter your input",
                  "x-ms-content-hint": "TEXT"
                }
              },
              "required": [
                "text",
                "text_1",
                "text_2",
                "text_3",
                "text_4"
              ]
            }
          }
        }
      },
      "actions": {
        "Respond_to_a_Power_App_or_flow": {
          "runAfter": {},
          "metadata": {
            "operationMetadataId": "1dca2808-b44c-4ca3-bb10-3c8457f2cbdf"
          },
          "type": "Response",
          "kind": "PowerApp",
          "inputs": {
            "statusCode": 200,
            "body": {
              "status": "202"
            },
            "schema": {
              "type": "object",
              "properties": {
                "status": {
                  "title": "Status",
                  "x-ms-dynamically-added": true,
                  "type": "string"
                }
              }
            }
          }
        },
        "Send_card": {
          "runAfter": {
            "Respond_to_a_Power_App_or_flow": [
              "Succeeded"
            ]
          },
          "metadata": {
            "operationMetadataId": "b9da69ab-89ad-4f90-9f13-c5742788c169"
          },
          "type": "OpenApiConnectionWebhook",
          "inputs": {
            "host": {
              "connectionName": "shared_teams",
              "operationId": "PostCardAndWaitForResponse",
              "apiId": "/providers/Microsoft.PowerApps/apis/shared_teams"
            },
            "parameters": {
              "poster": "Power Virtual Agents",
              "location": "powerva",
              "body/body/messageBody": "@triggerBody()['text']",
              "body/body/updateMessage": "Thanks for your response!",
              "body/body/recipient/to": "@{if(parameters('Test mode (lunch_TestMode)'),parameters('Test mode email (lunch_Testmodeemail)'),triggerBody()['text_1'])};",
              "body/body/recipient/bot": "cr19f_lunchBot",
              "body/body/recipient/attribution": true,
              "body/body/recipient/activeChat": "Send",
              "body/body/recipient/installedError": "Fail"
            },
            "authentication": {
              "type": "Raw",
              "value": "@json(decodeBase64(triggerOutputs().headers['X-MS-APIM-Tokens']))['$ConnectionKey']"
            }
          }
        },
        "Get_invitation_after_response": {
          "runAfter": {
            "Send_card": [
              "Succeeded"
            ]
          },
          "metadata": {
            "operationMetadataId": "2fd84838-0a89-40c4-ada9-30fdac81ed58"
          },
          "type": "OpenApiConnection",
          "inputs": {
            "host": {
              "connectionName": "shared_commondataserviceforapps",
              "operationId": "GetItem",
              "apiId": "/providers/Microsoft.PowerApps/apis/shared_commondataserviceforapps"
            },
            "parameters": {
              "entityName": "lunch_invitations",
              "recordId": "@triggerBody()['text_3']"
            },
            "authentication": {
              "type": "Raw",
              "value": "@json(decodeBase64(triggerOutputs().headers['X-MS-APIM-Tokens']))['$ConnectionKey']"
            }
          }
        },
        "Skip_if_invitation_status_already_changed": {
          "actions": {
            "Switch": {
              "runAfter": {},
              "cases": {
                "Accept": {
                  "case": "Accept",
                  "actions": {
                    "Forward_meeting": {
                      "actions": {
                        "Get_event": {
                          "runAfter": {},
                          "metadata": {
                            "operationMetadataId": "35d75d22-18bd-4106-b06e-49495a2c6d51"
                          },
                          "type": "OpenApiConnection",
                          "inputs": {
                            "host": {
                              "connectionName": "shared_office365",
                              "operationId": "HttpRequest",
                              "apiId": "/providers/Microsoft.PowerApps/apis/shared_office365"
                            },
                            "parameters": {
                              "Uri": "https://graph.microsoft.com/v1.0/me/calendar/events/@{triggerBody()['text_2']}",
                              "Method": "GET",
                              "ContentType": "application/json"
                            },
                            "authentication": {
                              "type": "Raw",
                              "value": "@json(decodeBase64(triggerOutputs().headers['X-MS-APIM-Tokens']))['$ConnectionKey']"
                            }
                          }
                        },
                        "Parse_JSON": {
                          "runAfter": {
                            "Get_event": [
                              "Succeeded"
                            ]
                          },
                          "metadata": {
                            "operationMetadataId": "1b6d4ec2-5494-4eee-ab56-83e479d583f4"
                          },
                          "type": "ParseJson",
                          "inputs": {
                            "content": "@body('Get_event')",
                            "schema": {
                              "type": "object",
                              "properties": {
                                "@@odata.context": {
                                  "type": "string"
                                },
                                "@@odata.etag": {
                                  "type": "string"
                                },
                                "id": {
                                  "type": "string"
                                },
                                "createdDateTime": {
                                  "type": "string"
                                },
                                "lastModifiedDateTime": {
                                  "type": "string"
                                },
                                "changeKey": {
                                  "type": "string"
                                },
                                "categories": {
                                  "type": "array"
                                },
                                "transactionId": {},
                                "originalStartTimeZone": {
                                  "type": "string"
                                },
                                "originalEndTimeZone": {
                                  "type": "string"
                                },
                                "iCalUId": {
                                  "type": "string"
                                },
                                "uid": {
                                  "type": "string"
                                },
                                "reminderMinutesBeforeStart": {
                                  "type": "integer"
                                },
                                "isReminderOn": {
                                  "type": "boolean"
                                },
                                "hasAttachments": {
                                  "type": "boolean"
                                },
                                "subject": {
                                  "type": "string"
                                },
                                "bodyPreview": {
                                  "type": "string"
                                },
                                "importance": {
                                  "type": "string"
                                },
                                "sensitivity": {
                                  "type": "string"
                                },
                                "isAllDay": {
                                  "type": "boolean"
                                },
                                "isCancelled": {
                                  "type": "boolean"
                                },
                                "isOrganizer": {
                                  "type": "boolean"
                                },
                                "responseRequested": {
                                  "type": "boolean"
                                },
                                "seriesMasterId": {},
                                "showAs": {
                                  "type": "string"
                                },
                                "type": {
                                  "type": "string"
                                },
                                "webLink": {
                                  "type": "string"
                                },
                                "onlineMeetingUrl": {},
                                "isOnlineMeeting": {
                                  "type": "boolean"
                                },
                                "onlineMeetingProvider": {
                                  "type": "string"
                                },
                                "allowNewTimeProposals": {
                                  "type": "boolean"
                                },
                                "occurrenceId": {},
                                "isDraft": {
                                  "type": "boolean"
                                },
                                "hideAttendees": {
                                  "type": "boolean"
                                },
                                "responseStatus": {
                                  "type": "object",
                                  "properties": {
                                    "response": {
                                      "type": "string"
                                    },
                                    "time": {
                                      "type": "string"
                                    }
                                  }
                                },
                                "body": {
                                  "type": "object",
                                  "properties": {
                                    "contentType": {
                                      "type": "string"
                                    },
                                    "content": {
                                      "type": "string"
                                    }
                                  }
                                },
                                "start": {
                                  "type": "object",
                                  "properties": {
                                    "dateTime": {
                                      "type": "string"
                                    },
                                    "timeZone": {
                                      "type": "string"
                                    }
                                  }
                                },
                                "end": {
                                  "type": "object",
                                  "properties": {
                                    "dateTime": {
                                      "type": "string"
                                    },
                                    "timeZone": {
                                      "type": "string"
                                    }
                                  }
                                },
                                "location": {
                                  "type": "object",
                                  "properties": {
                                    "displayName": {
                                      "type": "string"
                                    },
                                    "locationType": {
                                      "type": "string"
                                    },
                                    "uniqueIdType": {
                                      "type": "string"
                                    },
                                    "address": {
                                      "type": "object",
                                      "properties": {}
                                    },
                                    "coordinates": {
                                      "type": "object",
                                      "properties": {}
                                    }
                                  }
                                },
                                "locations": {
                                  "type": "array"
                                },
                                "recurrence": {},
                                "attendees": {
                                  "type": "array",
                                  "items": {
                                    "type": "object",
                                    "properties": {
                                      "type": {
                                        "type": "string"
                                      },
                                      "status": {
                                        "type": "object",
                                        "properties": {
                                          "response": {
                                            "type": "string"
                                          },
                                          "time": {
                                            "type": "string"
                                          }
                                        }
                                      },
                                      "emailAddress": {
                                        "type": "object",
                                        "properties": {
                                          "name": {
                                            "type": "string"
                                          },
                                          "address": {
                                            "type": "string"
                                          }
                                        }
                                      }
                                    },
                                    "required": [
                                      "type",
                                      "status",
                                      "emailAddress"
                                    ]
                                  }
                                },
                                "organizer": {
                                  "type": "object",
                                  "properties": {
                                    "emailAddress": {
                                      "type": "object",
                                      "properties": {
                                        "name": {
                                          "type": "string"
                                        },
                                        "address": {
                                          "type": "string"
                                        }
                                      }
                                    }
                                  }
                                },
                                "onlineMeeting": {},
                                "calendar@odata.associationLink": {
                                  "type": "string"
                                },
                                "calendar@odata.navigationLink": {
                                  "type": "string"
                                }
                              }
                            }
                          }
                        },
                        "Already_has_attendees": {
                          "actions": {
                            "Add_attendee_to_event": {
                              "runAfter": {},
                              "metadata": {
                                "operationMetadataId": "caab8a73-f63c-4986-872c-96f802f6ca13"
                              },
                              "type": "OpenApiConnection",
                              "inputs": {
                                "host": {
                                  "connectionName": "shared_office365",
                                  "operationId": "HttpRequest",
                                  "apiId": "/providers/Microsoft.PowerApps/apis/shared_office365"
                                },
                                "parameters": {
                                  "Uri": "https://graph.microsoft.com/v1.0/me/calendar/events/@{triggerBody()['text_2']}",
                                  "Method": "PATCH",
                                  "Body": "{\n\"attendees\": @{union(body('Parse_JSON')?['attendees'], outputs('New_attendee'))}\n}",
                                  "ContentType": "application/json"
                                },
                                "authentication": {
                                  "type": "Raw",
                                  "value": "@json(decodeBase64(triggerOutputs().headers['X-MS-APIM-Tokens']))['$ConnectionKey']"
                                }
                              }
                            }
                          },
                          "runAfter": {
                            "New_attendee": [
                              "Succeeded"
                            ]
                          },
                          "else": {
                            "actions": {
                              "Send_an_HTTP_request": {
                                "runAfter": {},
                                "metadata": {
                                  "operationMetadataId": "fbfb327c-d3ee-4b99-a74e-822605d288c0"
                                },
                                "type": "OpenApiConnection",
                                "inputs": {
                                  "host": {
                                    "connectionName": "shared_office365",
                                    "operationId": "HttpRequest",
                                    "apiId": "/providers/Microsoft.PowerApps/apis/shared_office365"
                                  },
                                  "parameters": {
                                    "Uri": "https://graph.microsoft.com/v1.0/me/calendar/events/@{triggerBody()['text_2']}",
                                    "Method": "PATCH",
                                    "Body": "{\n\"attendees\": @{outputs('New_attendee')}\n}",
                                    "ContentType": "application/json"
                                  },
                                  "authentication": {
                                    "type": "Raw",
                                    "value": "@json(decodeBase64(triggerOutputs().headers['X-MS-APIM-Tokens']))['$ConnectionKey']"
                                  }
                                }
                              }
                            }
                          },
                          "expression": {
                            "not": {
                              "equals": [
                                "@body('Parse_JSON')?['attendees']",
                                "@null"
                              ]
                            }
                          },
                          "metadata": {
                            "operationMetadataId": "52a1ae99-6d6c-4bc1-9620-adf693e37f13"
                          },
                          "type": "If"
                        },
                        "New_attendee": {
                          "runAfter": {
                            "Parse_JSON": [
                              "Succeeded"
                            ]
                          },
                          "metadata": {
                            "operationMetadataId": "1cf4940f-deac-4eb1-9e00-349cff3b5369"
                          },
                          "type": "Compose",
                          "inputs": [
                            {
                              "type": "required",
                              "status": {
                                "response": "accepted",
                                "time": "@{utcNow()}"
                              },
                              "emailAddress": {
                                "address": "@{triggerBody()['text_1']}"
                              }
                            }
                          ]
                        }
                      },
                      "runAfter": {},
                      "metadata": {
                        "operationMetadataId": "092b6285-b14b-4a73-a021-64c3007a98ef"
                      },
                      "type": "Scope"
                    },
                    "Update_invitation_to_scheduled": {
                      "runAfter": {
                        "Forward_meeting": [
                          "Succeeded"
                        ]
                      },
                      "metadata": {
                        "operationMetadataId": "0c13b94d-3d7a-47ec-aa0f-f13087cf5634"
                      },
                      "type": "OpenApiConnection",
                      "inputs": {
                        "host": {
                          "connectionName": "shared_commondataserviceforapps",
                          "operationId": "UpdateRecord",
                          "apiId": "/providers/Microsoft.PowerApps/apis/shared_commondataserviceforapps"
                        },
                        "parameters": {
                          "entityName": "lunch_invitations",
                          "recordId": "@triggerBody()['text_3']",
                          "item/lunch_invitationstatus": 3
                        },
                        "authentication": {
                          "type": "Raw",
                          "value": "@json(decodeBase64(triggerOutputs().headers['X-MS-APIM-Tokens']))['$ConnectionKey']"
                        }
                      }
                    },
                    "Get_a_timeslot_again": {
                      "runAfter": {
                        "Update_invitation_to_scheduled": [
                          "Succeeded"
                        ]
                      },
                      "metadata": {
                        "operationMetadataId": "2f47d31b-6cd4-401b-8606-3a8b0429d1b2"
                      },
                      "type": "OpenApiConnection",
                      "inputs": {
                        "host": {
                          "connectionName": "shared_commondataserviceforapps",
                          "operationId": "GetItem",
                          "apiId": "/providers/Microsoft.PowerApps/apis/shared_commondataserviceforapps"
                        },
                        "parameters": {
                          "entityName": "lunch_timeslots",
                          "recordId": "@triggerBody()['text_4']"
                        },
                        "authentication": {
                          "type": "Raw",
                          "value": "@json(decodeBase64(triggerOutputs().headers['X-MS-APIM-Tokens']))['$ConnectionKey']"
                        }
                      }
                    },
                    "Update_timeslot_capacity_used": {
                      "runAfter": {
                        "Get_a_timeslot_again": [
                          "Succeeded"
                        ]
                      },
                      "metadata": {
                        "operationMetadataId": "16486af7-f10c-4876-88e9-0389f5708e16"
                      },
                      "type": "OpenApiConnection",
                      "inputs": {
                        "host": {
                          "connectionName": "shared_commondataserviceforapps",
                          "operationId": "UpdateRecord",
                          "apiId": "/providers/Microsoft.PowerApps/apis/shared_commondataserviceforapps"
                        },
                        "parameters": {
                          "entityName": "lunch_timeslots",
                          "recordId": "@outputs('Get_a_timeslot_again')?['body/lunch_timeslotid']",
                          "item/lunch_usedcapacity": "@if(equals(outputs('Get_a_timeslot_again')?['body/lunch_usedcapacity'], null), 1, add(1, outputs('Get_a_timeslot_again')?['body/lunch_usedcapacity']))"
                        },
                        "authentication": {
                          "type": "Raw",
                          "value": "@json(decodeBase64(triggerOutputs().headers['X-MS-APIM-Tokens']))['$ConnectionKey']"
                        }
                      }
                    }
                  }
                },
                "Decline": {
                  "case": "Decline",
                  "actions": {
                    "Update_invitation_to_declined": {
                      "runAfter": {},
                      "metadata": {
                        "operationMetadataId": "a39a327a-6b46-4268-bfcb-e60a67ac64f7"
                      },
                      "type": "OpenApiConnection",
                      "inputs": {
                        "host": {
                          "connectionName": "shared_commondataserviceforapps",
                          "operationId": "UpdateRecord",
                          "apiId": "/providers/Microsoft.PowerApps/apis/shared_commondataserviceforapps"
                        },
                        "parameters": {
                          "entityName": "lunch_invitations",
                          "recordId": "@triggerBody()['text_3']",
                          "item/lunch_invitationstatus": 4
                        },
                        "authentication": {
                          "type": "Raw",
                          "value": "@json(decodeBase64(triggerOutputs().headers['X-MS-APIM-Tokens']))['$ConnectionKey']"
                        }
                      }
                    }
                  }
                },
                "Reschedule": {
                  "case": "I would like to join on another day",
                  "actions": {
                    "Update_row_to_reschedule_requested": {
                      "runAfter": {},
                      "metadata": {
                        "operationMetadataId": "16ab2327-e91a-42db-9c0c-736836cfb940"
                      },
                      "type": "OpenApiConnection",
                      "inputs": {
                        "host": {
                          "connectionName": "shared_commondataserviceforapps",
                          "operationId": "UpdateRecord",
                          "apiId": "/providers/Microsoft.PowerApps/apis/shared_commondataserviceforapps"
                        },
                        "parameters": {
                          "entityName": "lunch_invitations",
                          "recordId": "@triggerBody()['text_3']",
                          "item/lunch_invitationstatus": 5
                        },
                        "authentication": {
                          "type": "Raw",
                          "value": "@json(decodeBase64(triggerOutputs().headers['X-MS-APIM-Tokens']))['$ConnectionKey']"
                        }
                      }
                    },
                    "Handle_reschedule": {
                      "actions": {
                        "Find_new_slot": {
                          "runAfter": {},
                          "metadata": {
                            "operationMetadataId": "18400b11-d681-425a-a92e-150b2f246ac0"
                          },
                          "type": "Workflow",
                          "inputs": {
                            "host": {
                              "workflowReferenceName": "a1c45574-2777-ef11-ac21-000d3a5806f7"
                            },
                            "body": {
                              "text": "@outputs('Update_row_to_reschedule_requested')?['body/lunch_invitationid']"
                            }
                          }
                        },
                        "Parse_timeslots": {
                          "runAfter": {
                            "Find_new_slot": [
                              "Succeeded"
                            ]
                          },
                          "metadata": {
                            "operationMetadataId": "bdb9f4eb-af7d-4a59-8afa-7adf86c14b3a"
                          },
                          "type": "ParseJson",
                          "inputs": {
                            "content": "@body('Find_new_slot')?['timeslots']",
                            "schema": {
                              "type": "array",
                              "items": {
                                "type": "object",
                                "properties": {
                                  "timeslotId": {
                                    "type": "string"
                                  },
                                  "day": {
                                    "type": "string"
                                  }
                                },
                                "required": [
                                  "timeslotId",
                                  "day"
                                ]
                              }
                            }
                          }
                        },
                        "New_one_found": {
                          "actions": {
                            "Set_current_invitation_to_inactive": {
                              "runAfter": {},
                              "metadata": {
                                "operationMetadataId": "1cbd7678-673b-4bdb-b57e-e912b57af730"
                              },
                              "type": "OpenApiConnection",
                              "inputs": {
                                "host": {
                                  "connectionName": "shared_commondataserviceforapps",
                                  "operationId": "UpdateRecord",
                                  "apiId": "/providers/Microsoft.PowerApps/apis/shared_commondataserviceforapps"
                                },
                                "parameters": {
                                  "entityName": "lunch_invitations",
                                  "recordId": "@outputs('Update_row_to_reschedule_requested')?['body/lunch_invitationid']",
                                  "item/statecode": 1
                                },
                                "authentication": {
                                  "type": "Raw",
                                  "value": "@json(decodeBase64(triggerOutputs().headers['X-MS-APIM-Tokens']))['$ConnectionKey']"
                                }
                              }
                            },
                            "Create_new_invitation": {
                              "runAfter": {
                                "Set_current_invitation_to_inactive": [
                                  "Succeeded"
                                ]
                              },
                              "metadata": {
                                "operationMetadataId": "8442b99f-d9e0-4339-b487-1d9536020352"
                              },
                              "type": "OpenApiConnection",
                              "inputs": {
                                "host": {
                                  "connectionName": "shared_commondataserviceforapps",
                                  "operationId": "CreateRecord",
                                  "apiId": "/providers/Microsoft.PowerApps/apis/shared_commondataserviceforapps"
                                },
                                "parameters": {
                                  "entityName": "lunch_invitations",
                                  "item/lunch_FollowUpInvitation@odata.bind": "lunch_invitations(@{outputs('Set_current_invitation_to_inactive')?['body/lunch_invitationid']})",
                                  "item/lunch_invitationname": "@{outputs('Get_invitation_after_response')?['body/lunch_invitationname']} - reschedule",
                                  "item/lunch_invitationsenton": "@utcNow()",
                                  "item/lunch_invitationstatus": 1,
                                  "item/lunch_Lunch@odata.bind": "lunch_lunchs(@{outputs('Set_current_invitation_to_inactive')?['body/_lunch_lunch_value']})",
                                  "item/lunch_Participant@odata.bind": "lunch_participants(@{outputs('Set_current_invitation_to_inactive')?['body/_lunch_participant_value']})",
                                  "item/lunch_Timeslot@odata.bind": "lunch_timeslots(@{first(body('Parse_timeslots'))?['timeslotId']})"
                                },
                                "authentication": {
                                  "type": "Raw",
                                  "value": "@json(decodeBase64(triggerOutputs().headers['X-MS-APIM-Tokens']))['$ConnectionKey']"
                                }
                              }
                            }
                          },
                          "runAfter": {
                            "Parse_timeslots": [
                              "Succeeded"
                            ]
                          },
                          "else": {
                            "actions": {
                              "Post_manual_card": {
                                "runAfter": {},
                                "metadata": {
                                  "operationMetadataId": "4147dfda-7860-44f8-9352-a11877c0a3f5"
                                },
                                "type": "OpenApiConnection",
                                "inputs": {
                                  "host": {
                                    "connectionName": "shared_teams",
                                    "operationId": "PostCardToConversation",
                                    "apiId": "/providers/Microsoft.PowerApps/apis/shared_teams"
                                  },
                                  "parameters": {
                                    "poster": "Power Virtual Agents",
                                    "location": "powerva",
                                    "body/bot": "cr19f_lunchBot",
                                    "body/recipient": "@{if(parameters('Test mode (lunch_TestMode)'),parameters('Test mode email (lunch_Testmodeemail)'),triggerBody()['text_1'])};",
                                    "body/messageBody": "{\n    \"$schema\": \"http://adaptivecards.io/schemas/adaptive-card.json\",\n    \"type\": \"AdaptiveCard\",\n    \"version\": \"1.0\",\n    \"body\": [\n        {\n            \"type\": \"TextBlock\",\n            \"text\": \"Your reschedule request is sent to the organizer!\",\n            \"size\": \"large\",\n            \"weight\": \"bolder\",\n            \"style\": \"heading\",\n            \"wrap\": true\n        },\n        {\n            \"type\": \"TextBlock\",\n            \"text\": \"We weren't able to find automatically find you a new timeslot, so your request is sent to the organizer, who will get back to you soon!\",\n            \"isSubtle\": true,\n            \"spacing\": \"Padding\",\n            \"wrap\": true\n        }\n    ]\n}",
                                    "body/attribution": true,
                                    "body/activeChat": "Send",
                                    "body/installedError": "Fail"
                                  },
                                  "authentication": {
                                    "type": "Raw",
                                    "value": "@json(decodeBase64(triggerOutputs().headers['X-MS-APIM-Tokens']))['$ConnectionKey']"
                                  }
                                }
                              }
                            }
                          },
                          "expression": {
                            "not": {
                              "equals": [
                                "@length(body('Parse_timeslots'))",
                                0
                              ]
                            }
                          },
                          "metadata": {
                            "operationMetadataId": "1ac01d71-4d37-4ced-b829-57caaefc93f2"
                          },
                          "type": "If"
                        }
                      },
                      "runAfter": {
                        "Update_row_to_reschedule_requested": [
                          "Succeeded"
                        ]
                      },
                      "metadata": {
                        "operationMetadataId": "89701d25-4047-4037-98ca-21d05b5ffe76"
                      },
                      "type": "Scope"
                    }
                  }
                }
              },
              "default": {
                "actions": {}
              },
              "expression": "@body('Send_card')?['submitActionId']",
              "metadata": {
                "operationMetadataId": "ef447fb4-1c37-4189-83a4-d829a812e2e8"
              },
              "type": "Switch"
            }
          },
          "runAfter": {
            "Get_invitation_after_response": [
              "Succeeded"
            ]
          },
          "expression": {
            "equals": [
              "@outputs('Get_invitation_after_response')?['body/lunch_invitationstatus']",
              2
            ]
          },
          "metadata": {
            "operationMetadataId": "5b1e5b0e-b81b-45fa-b6a1-375dd4c25fb9"
          },
          "type": "If"
        }
      }
    },
    "templateName": ""
  },
  "schemaVersion": "1.0.0.0"
}