{
  "properties": {
    "connectionReferences": {
      "shared_commondataserviceforapps": {
        "runtimeSource": "embedded",
        "connection": {
          "connectionReferenceLogicalName": "lunch_sharedcommondataserviceforapps_34eab"
        },
        "api": {
          "name": "shared_commondataserviceforapps"
        }
      },
      "shared_office365": {
        "runtimeSource": "embedded",
        "connection": {
          "connectionReferenceLogicalName": "lunch_sharedoffice365_62478"
        },
        "api": {
          "name": "shared_office365"
        }
      }
    },
    "definition": {
      "$schema": "https://schema.management.azure.com/providers/Microsoft.Logic/schemas/2016-06-01/workflowdefinition.json#",
      "contentVersion": "1.0.0.0",
      "parameters": {
        "$connections": {
          "defaultValue": {},
          "type": "Object"
        },
        "$authentication": {
          "defaultValue": {},
          "type": "SecureObject"
        },
        "Outlook calendar ID (lunch_OutlookcalendarID)": {
          "defaultValue": "AAMkADVhYmQ4NDdlLTE4Y2MtNDhiYi05ZDM2LTZkODkzYWNjOWU4MgBGAAAAAAC1e3y5x5z1S4-mpCh-NT_UBwDm2eFg2dXmSqEAV50pLFqAAAAAAAEGAADm2eFg2dXmSqEAV50pLFqAAAAEksdmAAA=",
          "type": "String",
          "metadata": {
            "schemaName": "lunch_OutlookcalendarID"
          }
        }
      },
      "triggers": {
        "When_an_upcoming_event_is_starting_soon_(V3)": {
          "recurrence": {
            "interval": 1,
            "frequency": "Minute"
          },
          "splitOn": "@triggerOutputs()?['body/value']",
          "metadata": {
            "operationMetadataId": "31432fee-cd9a-447c-880a-93eea0357f74"
          },
          "type": "OpenApiConnection",
          "inputs": {
            "host": {
              "connectionName": "shared_office365",
              "operationId": "OnUpcomingEventsV3",
              "apiId": "/providers/Microsoft.PowerApps/apis/shared_office365"
            },
            "parameters": {
              "table": "@parameters('Outlook calendar ID (lunch_OutlookcalendarID)')",
              "lookAheadTimeInMinutes": 15
            },
            "authentication": "@parameters('$authentication')"
          }
        }
      },
      "actions": {
        "Get_timeslot": {
          "runAfter": {},
          "metadata": {
            "operationMetadataId": "e9a53086-baf4-42f1-abad-9764ddc14b2f"
          },
          "type": "OpenApiConnection",
          "inputs": {
            "host": {
              "connectionName": "shared_commondataserviceforapps",
              "operationId": "ListRecords",
              "apiId": "/providers/Microsoft.PowerApps/apis/shared_commondataserviceforapps"
            },
            "parameters": {
              "entityName": "lunch_timeslots",
              "$filter": "lunch_meetingid eq '@{triggerOutputs()?['body/id']}'",
              "$top": 1
            },
            "authentication": "@parameters('$authentication')"
          }
        },
        "Event_part_of_lunches": {
          "actions": {
            "Apply_to_each": {
              "foreach": "@outputs('Get_accepted_invitations_for_timeslot')?['body/value']",
              "actions": {
                "Send_feedback_request": {
                  "runAfter": {},
                  "metadata": {
                    "operationMetadataId": "83c9fc4f-886b-4334-a90a-68d2001fa9d9"
                  },
                  "type": "Workflow",
                  "inputs": {
                    "host": {
                      "workflowReferenceName": "487eef62-9b76-ef11-ac21-000d3a5806f7"
                    },
                    "body": {
                      "text": "@items('Apply_to_each')?['lunch_invitationid']",
                      "text_1": "@outputs('Get_lunch')?['body/lunch_lunchid']",
                      "text_2": "@first(outputs('Get_timeslot')?['body/value'])?['lunch_timeslotid']",
                      "text_3": "@items('Apply_to_each')?['_lunch_participant_value']",
                      "text_4": "@outputs('Get_lunch')?['body/lunch_lunchname']"
                    }
                  }
                }
              },
              "runAfter": {
                "Update_timeslot": [
                  "Succeeded"
                ]
              },
              "metadata": {
                "operationMetadataId": "f66adf18-5e59-4066-8277-9281a60d3eab"
              },
              "type": "Foreach"
            },
            "Wait_for_event_to_finish": {
              "runAfter": {},
              "metadata": {
                "operationMetadataId": "747a7b83-311b-4438-8f55-a1ddeec92e19"
              },
              "type": "Wait",
              "inputs": {
                "interval": {
                  "count": 2,
                  "unit": "Hour"
                }
              }
            },
            "Get_lunch": {
              "runAfter": {
                "Get_accepted_invitations_for_timeslot": [
                  "Succeeded"
                ]
              },
              "metadata": {
                "operationMetadataId": "90719fc3-acce-414e-b0cf-22dde1a3269b"
              },
              "type": "OpenApiConnection",
              "inputs": {
                "host": {
                  "connectionName": "shared_commondataserviceforapps",
                  "operationId": "GetItem",
                  "apiId": "/providers/Microsoft.PowerApps/apis/shared_commondataserviceforapps"
                },
                "parameters": {
                  "entityName": "lunch_lunchs",
                  "recordId": "@first(outputs('Get_timeslot')?['body/value'])?['_lunch_lunch_value']"
                },
                "authentication": "@parameters('$authentication')"
              }
            },
            "Get_accepted_invitations_for_timeslot": {
              "runAfter": {
                "Wait_for_event_to_finish": [
                  "Succeeded"
                ]
              },
              "metadata": {
                "operationMetadataId": "4446d64d-dff2-4bbb-8280-3131920822e1"
              },
              "type": "OpenApiConnection",
              "inputs": {
                "host": {
                  "connectionName": "shared_commondataserviceforapps",
                  "operationId": "ListRecords",
                  "apiId": "/providers/Microsoft.PowerApps/apis/shared_commondataserviceforapps"
                },
                "parameters": {
                  "entityName": "lunch_invitations",
                  "$filter": "_lunch_timeslot_value eq '@{first(outputs('Get_timeslot')?['body/value'])?['lunch_timeslotid']}' and lunch_invitationstatus eq 3"
                },
                "authentication": "@parameters('$authentication')"
              }
            },
            "Update_timeslot": {
              "runAfter": {
                "Get_lunch": [
                  "Succeeded"
                ]
              },
              "metadata": {
                "operationMetadataId": "eb89169d-85a7-426d-8826-b777c25b6992"
              },
              "type": "OpenApiConnection",
              "inputs": {
                "host": {
                  "connectionName": "shared_commondataserviceforapps",
                  "operationId": "UpdateRecord",
                  "apiId": "/providers/Microsoft.PowerApps/apis/shared_commondataserviceforapps"
                },
                "parameters": {
                  "entityName": "lunch_timeslots",
                  "recordId": "@first(outputs('Get_timeslot')?['body/value'])?['lunch_timeslotid']",
                  "item/lunch_meetingended": true
                },
                "authentication": "@parameters('$authentication')"
              }
            },
            "Check_for_end_of_lunch": {
              "runAfter": {
                "Apply_to_each": [
                  "Succeeded"
                ]
              },
              "metadata": {
                "operationMetadataId": "92bedcff-d84f-4a51-8313-d5faaf3dba40"
              },
              "type": "Workflow",
              "inputs": {
                "host": {
                  "workflowReferenceName": "0aaa9e34-2277-ef11-ac21-000d3a5806f7"
                },
                "body": {
                  "text": "@outputs('Get_lunch')?['body/lunch_lunchid']"
                }
              }
            }
          },
          "runAfter": {
            "Get_timeslot": [
              "Succeeded"
            ]
          },
          "expression": {
            "equals": [
              "@length(outputs('Get_timeslot')?['body/value'])",
              1
            ]
          },
          "metadata": {
            "operationMetadataId": "e21e6452-2ac5-403a-852d-095adb544e9c"
          },
          "type": "If"
        }
      }
    },
    "templateName": ""
  },
  "schemaVersion": "1.0.0.0"
}