{
  "properties": {
    "connectionReferences": {
      "shared_teams": {
        "runtimeSource": "embedded",
        "connection": {
          "connectionReferenceLogicalName": "lunch_sharedteams_511e9"
        },
        "api": {
          "name": "shared_teams"
        }
      },
      "shared_commondataserviceforapps": {
        "runtimeSource": "embedded",
        "connection": {
          "connectionReferenceLogicalName": "lunch_sharedcommondataserviceforapps_34eab"
        },
        "api": {
          "name": "shared_commondataserviceforapps"
        }
      },
      "shared_office365users": {
        "runtimeSource": "embedded",
        "connection": {
          "connectionReferenceLogicalName": "lunch_sharedoffice365users_d6db8"
        },
        "api": {
          "name": "shared_office365users"
        }
      },
      "shared_office365": {
        "runtimeSource": "embedded",
        "connection": {
          "connectionReferenceLogicalName": "lunch_sharedoffice365_62478"
        },
        "api": {
          "name": "shared_office365"
        }
      }
    },
    "definition": {
      "$schema": "https://schema.management.azure.com/providers/Microsoft.Logic/schemas/2016-06-01/workflowdefinition.json#",
      "contentVersion": "1.0.0.0",
      "parameters": {
        "$connections": {
          "defaultValue": {},
          "type": "Object"
        },
        "$authentication": {
          "defaultValue": {},
          "type": "SecureObject"
        },
        "Test mode email (lunch_Testmodeemail)": {
          "defaultValue": "admin@CRM746569.onmicrosoft.com",
          "type": "String",
          "metadata": {
            "schemaName": "lunch_Testmodeemail"
          }
        },
        "Test mode (lunch_TestMode)": {
          "defaultValue": true,
          "type": "Bool",
          "metadata": {
            "schemaName": "lunch_TestMode"
          }
        }
      },
      "triggers": {
        "When_a_row_is_added,_modified_or_deleted": {
          "metadata": {
            "operationMetadataId": "3af845c6-95eb-45d8-893c-bef6ad002cd4"
          },
          "type": "OpenApiConnectionWebhook",
          "inputs": {
            "host": {
              "connectionName": "shared_commondataserviceforapps",
              "operationId": "SubscribeWebhookTrigger",
              "apiId": "/providers/Microsoft.PowerApps/apis/shared_commondataserviceforapps"
            },
            "parameters": {
              "subscriptionRequest/message": 4,
              "subscriptionRequest/entityname": "lunch_invitation",
              "subscriptionRequest/scope": 4,
              "subscriptionRequest/filterexpression": "lunch_invitationstatus eq 1"
            },
            "authentication": "@parameters('$authentication')"
          }
        }
      },
      "actions": {
        "Send_card": {
          "runAfter": {
            "Update_invitation_to_sent": [
              "Succeeded"
            ]
          },
          "metadata": {
            "operationMetadataId": "83af7853-0930-46eb-9465-5aaca2f7464d"
          },
          "type": "OpenApiConnectionWebhook",
          "inputs": {
            "host": {
              "connectionName": "shared_teams",
              "operationId": "PostCardAndWaitForResponse",
              "apiId": "/providers/Microsoft.PowerApps/apis/shared_teams"
            },
            "parameters": {
              "poster": "Power Virtual Agents",
              "location": "powerva",
              "body/body/messageBody": "{\n    \"$schema\": \"http://adaptivecards.io/schemas/adaptive-card.json\",\n    \"type\": \"AdaptiveCard\",\n    \"version\": \"1.0\",\n    \"body\": [\n        {\n            \"type\": \"TextBlock\",\n            \"text\": \"Hi @{outputs('Get_user_profile_(V2)')?['body/givenName']}, you are invited to the @{outputs('Get_lunch')?['body/lunch_lunchname']}!\",\n            \"size\": \"large\",\n            \"weight\": \"bolder\",\n            \"style\": \"heading\",\n            \"wrap\": true\n        },\n        {\n            \"type\": \"TextBlock\",\n            \"text\": \"@{outputs('Get_lunch')?['body/lunch_description']}\",\n            \"isSubtle\": true,\n            \"spacing\": \"Padding\",\n            \"wrap\": true\n        },\n {\n            \"type\": \"TextBlock\",\n            \"text\": \"Your assigned day: @{formatDateTime(outputs('Get_timeslot')?['body/lunch_day'],'dd-MM-yyyy')}\",\n            \"isSubtle\": false,\n            \"spacing\": \"Padding\",\n\"weight\": \"bolder\",\n            \"wrap\": true\n        },\n {\n            \"type\": \"TextBlock\",\n            \"text\": \"Please RSVP using the buttons below, upon accepting you will receive a calendar invite for the lunch!\",\n            \"isSubtle\": true,\n            \"spacing\": \"Padding\",\n            \"wrap\": true\n        }\n    ],\n    \"actions\": [\n        {\n            \"type\": \"Action.Submit\",\n            \"title\": \"Accept\",\n            \"data\": {\n                \"x\": \"accept\"\n            }\n        },\n {\n            \"type\": \"Action.Submit\",\n            \"title\": \"I would like to join on another day\",\n            \"data\": {\n                \"x\": \"reschedule\"\n            }\n        },\n        {\n            \"type\": \"Action.Submit\",\n            \"title\": \"Decline\",\n            \"data\": {\n                \"x\": \"decline\"\n            }\n        }\n    ]\n}",
              "body/body/updateMessage": "Thank you for your response, we will get back to you soon!",
              "body/body/recipient/to": "@{if(parameters('Test mode (lunch_TestMode)'),parameters('Test mode email (lunch_Testmodeemail)'),outputs('Get_user_profile_(V2)')?['body/mail'])};",
              "body/body/recipient/bot": "cr19f_lunchBot",
              "body/body/recipient/attribution": true,
              "body/body/recipient/activeChat": "Send",
              "body/body/recipient/installedError": "Fail"
            },
            "authentication": "@parameters('$authentication')"
          }
        },
        "Get_invitation": {
          "runAfter": {},
          "metadata": {
            "operationMetadataId": "220aa20f-c992-4497-bcb6-d958fdca4557"
          },
          "type": "OpenApiConnection",
          "inputs": {
            "host": {
              "connectionName": "shared_commondataserviceforapps",
              "operationId": "GetItem",
              "apiId": "/providers/Microsoft.PowerApps/apis/shared_commondataserviceforapps"
            },
            "parameters": {
              "entityName": "lunch_invitations",
              "recordId": "@triggerOutputs()?['body/lunch_invitationid']"
            },
            "authentication": "@parameters('$authentication')"
          }
        },
        "Get_lunch": {
          "runAfter": {
            "Get_invitation": [
              "Succeeded"
            ]
          },
          "metadata": {
            "operationMetadataId": "b9c43ece-710b-4ef1-89c5-8552675e2da0"
          },
          "type": "OpenApiConnection",
          "inputs": {
            "host": {
              "connectionName": "shared_commondataserviceforapps",
              "operationId": "GetItem",
              "apiId": "/providers/Microsoft.PowerApps/apis/shared_commondataserviceforapps"
            },
            "parameters": {
              "entityName": "lunch_lunchs",
              "recordId": "@outputs('Get_invitation')?['body/_lunch_lunch_value']"
            },
            "authentication": "@parameters('$authentication')"
          }
        },
        "Get_timeslot": {
          "runAfter": {
            "Get_lunch": [
              "Succeeded"
            ]
          },
          "metadata": {
            "operationMetadataId": "ea15dc88-a2b5-4c39-b0fa-bcb166391f82"
          },
          "type": "OpenApiConnection",
          "inputs": {
            "host": {
              "connectionName": "shared_commondataserviceforapps",
              "operationId": "GetItem",
              "apiId": "/providers/Microsoft.PowerApps/apis/shared_commondataserviceforapps"
            },
            "parameters": {
              "entityName": "lunch_timeslots",
              "recordId": "@outputs('Get_invitation')?['body/_lunch_timeslot_value']"
            },
            "authentication": "@parameters('$authentication')"
          }
        },
        "Get_user_profile_(V2)": {
          "runAfter": {
            "Get_timeslot": [
              "Succeeded"
            ]
          },
          "metadata": {
            "operationMetadataId": "7ba6224a-e81b-476a-9b84-41c3c11e10c6"
          },
          "type": "OpenApiConnection",
          "inputs": {
            "host": {
              "connectionName": "shared_office365users",
              "operationId": "UserProfile_V2",
              "apiId": "/providers/Microsoft.PowerApps/apis/shared_office365users"
            },
            "parameters": {
              "id": "@outputs('Get_invitation')?['body/_lunch_participant_value']"
            },
            "authentication": "@parameters('$authentication')"
          }
        },
        "Update_invitation_to_sent": {
          "runAfter": {
            "Get_user_profile_(V2)": [
              "Succeeded"
            ]
          },
          "metadata": {
            "operationMetadataId": "e52b4c74-56cf-4ce4-b359-b3782923378a"
          },
          "type": "OpenApiConnection",
          "inputs": {
            "host": {
              "connectionName": "shared_commondataserviceforapps",
              "operationId": "UpdateRecord",
              "apiId": "/providers/Microsoft.PowerApps/apis/shared_commondataserviceforapps"
            },
            "parameters": {
              "entityName": "lunch_invitations",
              "recordId": "@outputs('Get_invitation')?['body/lunch_invitationid']",
              "item/lunch_invitationstatus": 2
            },
            "authentication": "@parameters('$authentication')"
          }
        },
        "Get_invitation_after_response": {
          "runAfter": {
            "Send_card": [
              "Succeeded"
            ]
          },
          "metadata": {
            "operationMetadataId": "7b6c0c39-3c49-4b1c-b5df-7fa6adbb03c2"
          },
          "type": "OpenApiConnection",
          "inputs": {
            "host": {
              "connectionName": "shared_commondataserviceforapps",
              "operationId": "GetItem",
              "apiId": "/providers/Microsoft.PowerApps/apis/shared_commondataserviceforapps"
            },
            "parameters": {
              "entityName": "lunch_invitations",
              "recordId": "@outputs('Update_invitation_to_sent')?['body/lunch_invitationid']"
            },
            "authentication": "@parameters('$authentication')"
          }
        },
        "Skip_logic_if_invitation_status_already_changed": {
          "actions": {
            "Switch": {
              "runAfter": {},
              "cases": {
                "Accept": {
                  "case": "Accept",
                  "actions": {
                    "Forward_meeting": {
                      "actions": {
                        "Get_event": {
                          "runAfter": {},
                          "metadata": {
                            "operationMetadataId": "35d75d22-18bd-4106-b06e-49495a2c6d51"
                          },
                          "type": "OpenApiConnection",
                          "inputs": {
                            "host": {
                              "connectionName": "shared_office365",
                              "operationId": "HttpRequest",
                              "apiId": "/providers/Microsoft.PowerApps/apis/shared_office365"
                            },
                            "parameters": {
                              "Uri": "https://graph.microsoft.com/v1.0/me/calendar/events/@{outputs('Get_timeslot')?['body/lunch_meetingid']}",
                              "Method": "GET",
                              "ContentType": "application/json"
                            },
                            "authentication": "@parameters('$authentication')"
                          }
                        },
                        "Parse_JSON": {
                          "runAfter": {
                            "Get_event": [
                              "Succeeded"
                            ]
                          },
                          "metadata": {
                            "operationMetadataId": "1b6d4ec2-5494-4eee-ab56-83e479d583f4"
                          },
                          "type": "ParseJson",
                          "inputs": {
                            "content": "@body('Get_event')",
                            "schema": {
                              "type": "object",
                              "properties": {
                                "@@odata.context": {
                                  "type": "string"
                                },
                                "@@odata.etag": {
                                  "type": "string"
                                },
                                "id": {
                                  "type": "string"
                                },
                                "createdDateTime": {
                                  "type": "string"
                                },
                                "lastModifiedDateTime": {
                                  "type": "string"
                                },
                                "changeKey": {
                                  "type": "string"
                                },
                                "categories": {
                                  "type": "array"
                                },
                                "transactionId": {},
                                "originalStartTimeZone": {
                                  "type": "string"
                                },
                                "originalEndTimeZone": {
                                  "type": "string"
                                },
                                "iCalUId": {
                                  "type": "string"
                                },
                                "uid": {
                                  "type": "string"
                                },
                                "reminderMinutesBeforeStart": {
                                  "type": "integer"
                                },
                                "isReminderOn": {
                                  "type": "boolean"
                                },
                                "hasAttachments": {
                                  "type": "boolean"
                                },
                                "subject": {
                                  "type": "string"
                                },
                                "bodyPreview": {
                                  "type": "string"
                                },
                                "importance": {
                                  "type": "string"
                                },
                                "sensitivity": {
                                  "type": "string"
                                },
                                "isAllDay": {
                                  "type": "boolean"
                                },
                                "isCancelled": {
                                  "type": "boolean"
                                },
                                "isOrganizer": {
                                  "type": "boolean"
                                },
                                "responseRequested": {
                                  "type": "boolean"
                                },
                                "seriesMasterId": {},
                                "showAs": {
                                  "type": "string"
                                },
                                "type": {
                                  "type": "string"
                                },
                                "webLink": {
                                  "type": "string"
                                },
                                "onlineMeetingUrl": {},
                                "isOnlineMeeting": {
                                  "type": "boolean"
                                },
                                "onlineMeetingProvider": {
                                  "type": "string"
                                },
                                "allowNewTimeProposals": {
                                  "type": "boolean"
                                },
                                "occurrenceId": {},
                                "isDraft": {
                                  "type": "boolean"
                                },
                                "hideAttendees": {
                                  "type": "boolean"
                                },
                                "responseStatus": {
                                  "type": "object",
                                  "properties": {
                                    "response": {
                                      "type": "string"
                                    },
                                    "time": {
                                      "type": "string"
                                    }
                                  }
                                },
                                "body": {
                                  "type": "object",
                                  "properties": {
                                    "contentType": {
                                      "type": "string"
                                    },
                                    "content": {
                                      "type": "string"
                                    }
                                  }
                                },
                                "start": {
                                  "type": "object",
                                  "properties": {
                                    "dateTime": {
                                      "type": "string"
                                    },
                                    "timeZone": {
                                      "type": "string"
                                    }
                                  }
                                },
                                "end": {
                                  "type": "object",
                                  "properties": {
                                    "dateTime": {
                                      "type": "string"
                                    },
                                    "timeZone": {
                                      "type": "string"
                                    }
                                  }
                                },
                                "location": {
                                  "type": "object",
                                  "properties": {
                                    "displayName": {
                                      "type": "string"
                                    },
                                    "locationType": {
                                      "type": "string"
                                    },
                                    "uniqueIdType": {
                                      "type": "string"
                                    },
                                    "address": {
                                      "type": "object",
                                      "properties": {}
                                    },
                                    "coordinates": {
                                      "type": "object",
                                      "properties": {}
                                    }
                                  }
                                },
                                "locations": {
                                  "type": "array"
                                },
                                "recurrence": {},
                                "attendees": {
                                  "type": "array",
                                  "items": {
                                    "type": "object",
                                    "properties": {
                                      "type": {
                                        "type": "string"
                                      },
                                      "status": {
                                        "type": "object",
                                        "properties": {
                                          "response": {
                                            "type": "string"
                                          },
                                          "time": {
                                            "type": "string"
                                          }
                                        }
                                      },
                                      "emailAddress": {
                                        "type": "object",
                                        "properties": {
                                          "name": {
                                            "type": "string"
                                          },
                                          "address": {
                                            "type": "string"
                                          }
                                        }
                                      }
                                    },
                                    "required": [
                                      "type",
                                      "status",
                                      "emailAddress"
                                    ]
                                  }
                                },
                                "organizer": {
                                  "type": "object",
                                  "properties": {
                                    "emailAddress": {
                                      "type": "object",
                                      "properties": {
                                        "name": {
                                          "type": "string"
                                        },
                                        "address": {
                                          "type": "string"
                                        }
                                      }
                                    }
                                  }
                                },
                                "onlineMeeting": {},
                                "calendar@odata.associationLink": {
                                  "type": "string"
                                },
                                "calendar@odata.navigationLink": {
                                  "type": "string"
                                }
                              }
                            }
                          }
                        },
                        "Already_has_attendees": {
                          "actions": {
                            "Add_attendee_to_event": {
                              "runAfter": {},
                              "metadata": {
                                "operationMetadataId": "caab8a73-f63c-4986-872c-96f802f6ca13"
                              },
                              "type": "OpenApiConnection",
                              "inputs": {
                                "host": {
                                  "connectionName": "shared_office365",
                                  "operationId": "HttpRequest",
                                  "apiId": "/providers/Microsoft.PowerApps/apis/shared_office365"
                                },
                                "parameters": {
                                  "Uri": "https://graph.microsoft.com/v1.0/me/calendar/events/@{outputs('Get_timeslot')?['body/lunch_meetingid']}",
                                  "Method": "PATCH",
                                  "Body": "{\n\"attendees\": @{union(body('Parse_JSON')?['attendees'], outputs('New_attendee'))}\n}",
                                  "ContentType": "application/json"
                                },
                                "authentication": "@parameters('$authentication')"
                              }
                            }
                          },
                          "runAfter": {
                            "New_attendee": [
                              "Succeeded"
                            ]
                          },
                          "else": {
                            "actions": {
                              "Send_an_HTTP_request": {
                                "runAfter": {},
                                "metadata": {
                                  "operationMetadataId": "fbfb327c-d3ee-4b99-a74e-822605d288c0"
                                },
                                "type": "OpenApiConnection",
                                "inputs": {
                                  "host": {
                                    "connectionName": "shared_office365",
                                    "operationId": "HttpRequest",
                                    "apiId": "/providers/Microsoft.PowerApps/apis/shared_office365"
                                  },
                                  "parameters": {
                                    "Uri": "https://graph.microsoft.com/v1.0/me/calendar/events/@{outputs('Get_timeslot')?['body/lunch_meetingid']}",
                                    "Method": "PATCH",
                                    "Body": "{\n\"attendees\": @{outputs('New_attendee')}\n}",
                                    "ContentType": "application/json"
                                  },
                                  "authentication": "@parameters('$authentication')"
                                }
                              }
                            }
                          },
                          "expression": {
                            "not": {
                              "equals": [
                                "@body('Parse_JSON')?['attendees']",
                                "@null"
                              ]
                            }
                          },
                          "metadata": {
                            "operationMetadataId": "52a1ae99-6d6c-4bc1-9620-adf693e37f13"
                          },
                          "type": "If"
                        },
                        "New_attendee": {
                          "runAfter": {
                            "Parse_JSON": [
                              "Succeeded"
                            ]
                          },
                          "metadata": {
                            "operationMetadataId": "1cf4940f-deac-4eb1-9e00-349cff3b5369"
                          },
                          "type": "Compose",
                          "inputs": [
                            {
                              "type": "required",
                              "status": {
                                "response": "accepted",
                                "time": "@{utcNow()}"
                              },
                              "emailAddress": {
                                "address": "@{outputs('Get_user_profile_(V2)')?['body/mail']}"
                              }
                            }
                          ]
                        }
                      },
                      "runAfter": {},
                      "metadata": {
                        "operationMetadataId": "092b6285-b14b-4a73-a021-64c3007a98ef"
                      },
                      "type": "Scope"
                    },
                    "Update_invitation_to_scheduled": {
                      "runAfter": {
                        "Forward_meeting": [
                          "Succeeded"
                        ]
                      },
                      "metadata": {
                        "operationMetadataId": "0c13b94d-3d7a-47ec-aa0f-f13087cf5634"
                      },
                      "type": "OpenApiConnection",
                      "inputs": {
                        "host": {
                          "connectionName": "shared_commondataserviceforapps",
                          "operationId": "UpdateRecord",
                          "apiId": "/providers/Microsoft.PowerApps/apis/shared_commondataserviceforapps"
                        },
                        "parameters": {
                          "entityName": "lunch_invitations",
                          "recordId": "@outputs('Get_invitation')?['body/lunch_invitationid']",
                          "item/lunch_invitationstatus": 3
                        },
                        "authentication": "@parameters('$authentication')"
                      }
                    },
                    "Get_a_timeslot_again": {
                      "runAfter": {
                        "Update_invitation_to_scheduled": [
                          "Succeeded"
                        ]
                      },
                      "metadata": {
                        "operationMetadataId": "2f47d31b-6cd4-401b-8606-3a8b0429d1b2"
                      },
                      "type": "OpenApiConnection",
                      "inputs": {
                        "host": {
                          "connectionName": "shared_commondataserviceforapps",
                          "operationId": "GetItem",
                          "apiId": "/providers/Microsoft.PowerApps/apis/shared_commondataserviceforapps"
                        },
                        "parameters": {
                          "entityName": "lunch_timeslots",
                          "recordId": "@outputs('Get_timeslot')?['body/lunch_timeslotid']"
                        },
                        "authentication": "@parameters('$authentication')"
                      }
                    },
                    "Update_timeslot_capacity_used": {
                      "runAfter": {
                        "Get_a_timeslot_again": [
                          "Succeeded"
                        ]
                      },
                      "metadata": {
                        "operationMetadataId": "16486af7-f10c-4876-88e9-0389f5708e16"
                      },
                      "type": "OpenApiConnection",
                      "inputs": {
                        "host": {
                          "connectionName": "shared_commondataserviceforapps",
                          "operationId": "UpdateRecord",
                          "apiId": "/providers/Microsoft.PowerApps/apis/shared_commondataserviceforapps"
                        },
                        "parameters": {
                          "entityName": "lunch_timeslots",
                          "recordId": "@outputs('Get_a_timeslot_again')?['body/lunch_timeslotid']",
                          "item/lunch_usedcapacity": "@if(equals(outputs('Get_a_timeslot_again')?['body/lunch_usedcapacity'],null),1,add(1,outputs('Get_a_timeslot_again')?['body/lunch_usedcapacity']))"
                        },
                        "authentication": "@parameters('$authentication')"
                      }
                    }
                  }
                },
                "Decline": {
                  "case": "Decline",
                  "actions": {
                    "Update_invitation_to_declined": {
                      "runAfter": {},
                      "metadata": {
                        "operationMetadataId": "a39a327a-6b46-4268-bfcb-e60a67ac64f7"
                      },
                      "type": "OpenApiConnection",
                      "inputs": {
                        "host": {
                          "connectionName": "shared_commondataserviceforapps",
                          "operationId": "UpdateRecord",
                          "apiId": "/providers/Microsoft.PowerApps/apis/shared_commondataserviceforapps"
                        },
                        "parameters": {
                          "entityName": "lunch_invitations",
                          "recordId": "@outputs('Get_invitation')?['body/lunch_invitationid']",
                          "item/lunch_invitationstatus": 4
                        },
                        "authentication": "@parameters('$authentication')"
                      }
                    }
                  }
                },
                "Reschedule": {
                  "case": "I would like to join on another day",
                  "actions": {
                    "Update_row_to_reschedule_requested": {
                      "runAfter": {},
                      "metadata": {
                        "operationMetadataId": "16ab2327-e91a-42db-9c0c-736836cfb940"
                      },
                      "type": "OpenApiConnection",
                      "inputs": {
                        "host": {
                          "connectionName": "shared_commondataserviceforapps",
                          "operationId": "UpdateRecord",
                          "apiId": "/providers/Microsoft.PowerApps/apis/shared_commondataserviceforapps"
                        },
                        "parameters": {
                          "entityName": "lunch_invitations",
                          "recordId": "@outputs('Get_invitation')?['body/lunch_invitationid']",
                          "item/lunch_invitationstatus": 5
                        },
                        "authentication": "@parameters('$authentication')"
                      }
                    },
                    "Handle_reschedule": {
                      "actions": {
                        "Find_new_slot": {
                          "runAfter": {},
                          "metadata": {
                            "operationMetadataId": "9c2bdf73-c7a5-4352-acd7-0e366e93b2d8"
                          },
                          "type": "Workflow",
                          "inputs": {
                            "host": {
                              "workflowReferenceName": "a1c45574-2777-ef11-ac21-000d3a5806f7"
                            },
                            "body": {
                              "text": "@outputs('Update_row_to_reschedule_requested')?['body/lunch_invitationid']"
                            }
                          }
                        },
                        "Parse_timeslots": {
                          "runAfter": {
                            "Find_new_slot": [
                              "Succeeded"
                            ]
                          },
                          "metadata": {
                            "operationMetadataId": "977271b7-0e77-4aef-9b9b-d22863de3b2f"
                          },
                          "type": "ParseJson",
                          "inputs": {
                            "content": "@body('Find_new_slot')?['timeslots']",
                            "schema": {
                              "type": "array",
                              "items": {
                                "type": "object",
                                "properties": {
                                  "timeslotId": {
                                    "type": "string"
                                  },
                                  "day": {
                                    "type": "string"
                                  }
                                },
                                "required": [
                                  "timeslotId",
                                  "day"
                                ]
                              }
                            }
                          }
                        },
                        "New_one_found": {
                          "actions": {
                            "Set_current_invitation_to_inactive": {
                              "runAfter": {},
                              "metadata": {
                                "operationMetadataId": "6563b345-db67-4707-b56a-8d3c825e3d10"
                              },
                              "type": "OpenApiConnection",
                              "inputs": {
                                "host": {
                                  "connectionName": "shared_commondataserviceforapps",
                                  "operationId": "UpdateRecord",
                                  "apiId": "/providers/Microsoft.PowerApps/apis/shared_commondataserviceforapps"
                                },
                                "parameters": {
                                  "entityName": "lunch_invitations",
                                  "recordId": "@outputs('Update_row_to_reschedule_requested')?['body/lunch_invitationid']",
                                  "item/statecode": 1
                                },
                                "authentication": "@parameters('$authentication')"
                              }
                            },
                            "Create_new_invitation": {
                              "runAfter": {
                                "Set_current_invitation_to_inactive": [
                                  "Succeeded"
                                ]
                              },
                              "metadata": {
                                "operationMetadataId": "688d47d1-c4ae-471a-91c0-68ba2065a457"
                              },
                              "type": "OpenApiConnection",
                              "inputs": {
                                "host": {
                                  "connectionName": "shared_commondataserviceforapps",
                                  "operationId": "CreateRecord",
                                  "apiId": "/providers/Microsoft.PowerApps/apis/shared_commondataserviceforapps"
                                },
                                "parameters": {
                                  "entityName": "lunch_invitations",
                                  "item/lunch_FollowUpInvitation@odata.bind": "lunch_invitations(@{outputs('Set_current_invitation_to_inactive')?['body/lunch_invitationid']})",
                                  "item/lunch_invitationname": "@{outputs('Get_invitation_after_response')?['body/lunch_invitationname']} - reschedule",
                                  "item/lunch_invitationsenton": "@utcNow()",
                                  "item/lunch_invitationstatus": 1,
                                  "item/lunch_Lunch@odata.bind": "lunch_lunchs(@{outputs('Set_current_invitation_to_inactive')?['body/_lunch_lunch_value']})",
                                  "item/lunch_Participant@odata.bind": "lunch_participants(@{outputs('Set_current_invitation_to_inactive')?['body/_lunch_participant_value']})",
                                  "item/lunch_Timeslot@odata.bind": "lunch_timeslots(@{first(body('Parse_timeslots'))?['timeslotId']})"
                                },
                                "authentication": "@parameters('$authentication')"
                              }
                            }
                          },
                          "runAfter": {
                            "Parse_timeslots": [
                              "Succeeded"
                            ]
                          },
                          "else": {
                            "actions": {
                              "Post_manual_card": {
                                "runAfter": {},
                                "metadata": {
                                  "operationMetadataId": "b7b184ac-706f-489f-a70c-82bae7d1d329"
                                },
                                "type": "OpenApiConnection",
                                "inputs": {
                                  "host": {
                                    "connectionName": "shared_teams",
                                    "operationId": "PostCardToConversation",
                                    "apiId": "/providers/Microsoft.PowerApps/apis/shared_teams"
                                  },
                                  "parameters": {
                                    "poster": "Power Virtual Agents",
                                    "location": "powerva",
                                    "body/bot": "cr19f_lunchBot",
                                    "body/recipient": "@{if(parameters('Test mode (lunch_TestMode)'),parameters('Test mode email (lunch_Testmodeemail)'),outputs('Get_user_profile_(V2)')?['body/mail'])};",
                                    "body/messageBody": "{\n    \"$schema\": \"http://adaptivecards.io/schemas/adaptive-card.json\",\n    \"type\": \"AdaptiveCard\",\n    \"version\": \"1.0\",\n    \"body\": [\n        {\n            \"type\": \"TextBlock\",\n            \"text\": \"Hi @{outputs('Get_user_profile_(V2)')?['body/givenName']}, your reschedule request is sent to the organizer!\",\n            \"size\": \"large\",\n            \"weight\": \"bolder\",\n            \"style\": \"heading\",\n            \"wrap\": true\n        },\n        {\n            \"type\": \"TextBlock\",\n            \"text\": \"We weren't able to find automatically find you a new timeslot, so your request is sent to the organizer, who will get back to you soon!\",\n            \"isSubtle\": true,\n            \"spacing\": \"Padding\",\n            \"wrap\": true\n        }\n    ]\n}",
                                    "body/attribution": true,
                                    "body/activeChat": "Send",
                                    "body/installedError": "Fail"
                                  },
                                  "authentication": "@parameters('$authentication')"
                                }
                              }
                            }
                          },
                          "expression": {
                            "not": {
                              "equals": [
                                "@length(body('Parse_timeslots'))",
                                0
                              ]
                            }
                          },
                          "metadata": {
                            "operationMetadataId": "7ee022b8-4f83-404d-b35b-49a168c8fd46"
                          },
                          "type": "If"
                        }
                      },
                      "runAfter": {
                        "Update_row_to_reschedule_requested": [
                          "Succeeded"
                        ]
                      },
                      "metadata": {
                        "operationMetadataId": "d9919194-ca76-4c01-904c-246a9978d106"
                      },
                      "type": "Scope"
                    }
                  }
                }
              },
              "default": {
                "actions": {}
              },
              "expression": "@body('Send_card')?['submitActionId']",
              "metadata": {
                "operationMetadataId": "ef447fb4-1c37-4189-83a4-d829a812e2e8"
              },
              "type": "Switch"
            }
          },
          "runAfter": {
            "Get_invitation_after_response": [
              "Succeeded"
            ]
          },
          "expression": {
            "equals": [
              "@outputs('Get_invitation_after_response')?['body/lunch_invitationstatus']",
              "@outputs('Update_invitation_to_sent')?['body/lunch_invitationstatus']"
            ]
          },
          "metadata": {
            "operationMetadataId": "22e4419f-1eaf-4767-aabc-740eecc3c5ee"
          },
          "type": "If"
        }
      }
    },
    "templateName": ""
  },
  "schemaVersion": "1.0.0.0"
}