{
  "properties": {
    "connectionReferences": {
      "shared_commondataserviceforapps": {
        "runtimeSource": "embedded",
        "connection": {
          "connectionReferenceLogicalName": "lunch_sharedcommondataserviceforapps_34eab"
        },
        "api": {
          "name": "shared_commondataserviceforapps"
        }
      }
    },
    "definition": {
      "$schema": "https://schema.management.azure.com/providers/Microsoft.Logic/schemas/2016-06-01/workflowdefinition.json#",
      "contentVersion": "1.0.0.0",
      "parameters": {
        "$connections": {
          "defaultValue": {},
          "type": "Object"
        },
        "$authentication": {
          "defaultValue": {},
          "type": "SecureObject"
        }
      },
      "triggers": {
        "manual": {
          "metadata": {
            "operationMetadataId": "416963ce-b15a-4e17-a9b2-60314d553503"
          },
          "type": "Request",
          "kind": "Button",
          "inputs": {
            "schema": {
              "type": "object",
              "properties": {
                "text": {
                  "title": "Lunch",
                  "type": "string",
                  "x-ms-dynamically-added": true,
                  "description": "Please enter your input",
                  "x-ms-content-hint": "TEXT"
                }
              },
              "required": [
                "text"
              ]
            }
          }
        }
      },
      "actions": {
        "Get_timeslots": {
          "runAfter": {
            "Get_lunch": [
              "Succeeded"
            ]
          },
          "metadata": {
            "operationMetadataId": "bfcc23a6-14e0-4a29-9c8e-5ab597f124c4"
          },
          "type": "OpenApiConnection",
          "inputs": {
            "host": {
              "connectionName": "shared_commondataserviceforapps",
              "operationId": "ListRecords",
              "apiId": "/providers/Microsoft.PowerApps/apis/shared_commondataserviceforapps"
            },
            "parameters": {
              "entityName": "lunch_timeslots",
              "$filter": "_lunch_lunch_value eq '@{triggerBody()['text']}'"
            },
            "authentication": {
              "type": "Raw",
              "value": "@json(decodeBase64(triggerOutputs().headers['X-MS-APIM-Tokens']))['$ConnectionKey']"
            }
          }
        },
        "Generate_groups": {
          "runAfter": {
            "Switch": [
              "Succeeded"
            ]
          },
          "metadata": {
            "operationMetadataId": "57352bf7-e1d0-41eb-9e60-0a806707b574"
          },
          "type": "Workflow",
          "inputs": {
            "host": {
              "workflowReferenceName": "db9da1f8-8a6f-ef11-a671-000d3a5806f7"
            },
            "body": {
              "text": "@triggerBody()['text']"
            }
          }
        },
        "Set_lunch_status_to_groups_created": {
          "runAfter": {
            "Generate_groups": [
              "Succeeded"
            ]
          },
          "metadata": {
            "operationMetadataId": "4bb7ab6d-fc80-4c11-a2b7-193c445e963b"
          },
          "type": "OpenApiConnection",
          "inputs": {
            "host": {
              "connectionName": "shared_commondataserviceforapps",
              "operationId": "UpdateRecord",
              "apiId": "/providers/Microsoft.PowerApps/apis/shared_commondataserviceforapps"
            },
            "parameters": {
              "entityName": "lunch_lunchs",
              "recordId": "@triggerBody()['text']",
              "item/lunch_groupscreationcompleted": 2,
              "item/lunch_status": 5
            },
            "authentication": {
              "type": "Raw",
              "value": "@json(decodeBase64(triggerOutputs().headers['X-MS-APIM-Tokens']))['$ConnectionKey']"
            }
          }
        },
        "Respond_to_a_Power_App_or_flow": {
          "runAfter": {
            "Set_lunch_status_to_groups_created": [
              "Succeeded"
            ]
          },
          "metadata": {
            "operationMetadataId": "33c7f293-13f1-4932-9869-f3c7936e89fd"
          },
          "type": "Response",
          "kind": "PowerApp",
          "inputs": {
            "statusCode": 200,
            "body": {
              "success": "true"
            },
            "schema": {
              "type": "object",
              "properties": {
                "success": {
                  "title": "success",
                  "x-ms-dynamically-added": true,
                  "type": "string"
                }
              }
            }
          }
        },
        "Switch": {
          "runAfter": {
            "Get_timeslots": [
              "Succeeded"
            ]
          },
          "cases": {
            "Reporting_structure": {
              "case": 2,
              "actions": {
                "Get_employees_and_managers": {
                  "runAfter": {},
                  "metadata": {
                    "operationMetadataId": "410984a2-09bf-4558-8249-886eb4a59bab"
                  },
                  "type": "Workflow",
                  "inputs": {
                    "host": {
                      "workflowReferenceName": "6108f827-5a6f-ef11-a670-6045bda0fe51"
                    },
                    "body": {
                      "text": "@outputs('Get_lunch')?['body/_lunch_toplevelmanager_value']",
                      "text_1": "@triggerBody()['text']"
                    },
                    "retryPolicy": {
                      "type": "none"
                    }
                  }
                }
              }
            },
            "Group_based": {
              "case": 3,
              "actions": {
                "Run_a_Child_Flow": {
                  "runAfter": {},
                  "metadata": {
                    "operationMetadataId": "79056bc5-8da6-4fb2-b64b-4af19d969027"
                  },
                  "type": "Workflow",
                  "inputs": {
                    "host": {
                      "workflowReferenceName": "6c1603b5-ba75-ef11-ac21-000d3a5806f7"
                    },
                    "body": {
                      "text": "@outputs('Get_lunch')?['body/lunch_lunchid']",
                      "text_1": "@outputs('Get_lunch')?['body/lunch_group']"
                    }
                  }
                }
              }
            }
          },
          "default": {
            "actions": {}
          },
          "expression": "@outputs('Get_lunch')?['body/lunch_groupcreation']",
          "metadata": {
            "operationMetadataId": "7f046351-f68d-4779-9ac5-e74004bd89b5"
          },
          "type": "Switch"
        },
        "Get_lunch": {
          "runAfter": {},
          "metadata": {
            "operationMetadataId": "ae649d32-7228-40c6-9c34-248abbfcaf4d"
          },
          "type": "OpenApiConnection",
          "inputs": {
            "host": {
              "connectionName": "shared_commondataserviceforapps",
              "operationId": "GetItem",
              "apiId": "/providers/Microsoft.PowerApps/apis/shared_commondataserviceforapps"
            },
            "parameters": {
              "entityName": "lunch_lunchs",
              "recordId": "@triggerBody()['text']"
            },
            "authentication": {
              "type": "Raw",
              "value": "@json(decodeBase64(triggerOutputs().headers['X-MS-APIM-Tokens']))['$ConnectionKey']"
            }
          }
        }
      }
    },
    "templateName": ""
  },
  "schemaVersion": "1.0.0.0"
}