{
  "properties": {
    "connectionReferences": {
      "shared_commondataserviceforapps": {
        "runtimeSource": "embedded",
        "connection": {
          "connectionReferenceLogicalName": "lunch_sharedcommondataserviceforapps_34eab"
        },
        "api": {
          "name": "shared_commondataserviceforapps"
        }
      },
      "shared_office365": {
        "runtimeSource": "embedded",
        "connection": {
          "connectionReferenceLogicalName": "lunch_sharedoffice365_62478"
        },
        "api": {
          "name": "shared_office365"
        }
      }
    },
    "definition": {
      "$schema": "https://schema.management.azure.com/providers/Microsoft.Logic/schemas/2016-06-01/workflowdefinition.json#",
      "contentVersion": "1.0.0.0",
      "parameters": {
        "$connections": {
          "defaultValue": {},
          "type": "Object"
        },
        "$authentication": {
          "defaultValue": {},
          "type": "SecureObject"
        }
      },
      "triggers": {
        "manual": {
          "metadata": {
            "operationMetadataId": "c0caeac3-768f-49c4-a6a9-a85462da0e58"
          },
          "type": "Request",
          "kind": "Button",
          "inputs": {
            "schema": {
              "type": "object",
              "properties": {
                "text": {
                  "title": "Lunch",
                  "type": "string",
                  "x-ms-dynamically-added": true,
                  "description": "Please enter your input",
                  "x-ms-content-hint": "TEXT"
                }
              },
              "required": [
                "text"
              ]
            }
          }
        }
      },
      "actions": {
        "Queue_invitations": {
          "foreach": "@outputs('Get_invitations')?['body/value']",
          "actions": {
            "Queue_invitation": {
              "runAfter": {},
              "metadata": {
                "operationMetadataId": "5101b8a6-aa84-479e-9001-86c78a4ef8cf"
              },
              "type": "OpenApiConnection",
              "inputs": {
                "host": {
                  "connectionName": "shared_commondataserviceforapps",
                  "operationId": "UpdateRecord",
                  "apiId": "/providers/Microsoft.PowerApps/apis/shared_commondataserviceforapps"
                },
                "parameters": {
                  "entityName": "lunch_invitations",
                  "recordId": "@items('Queue_invitations')?['lunch_invitationid']",
                  "item/lunch_invitationstatus": 1
                },
                "authentication": {
                  "type": "Raw",
                  "value": "@json(decodeBase64(triggerOutputs().headers['X-MS-APIM-Tokens']))['$ConnectionKey']"
                }
              }
            }
          },
          "runAfter": {
            "Get_invitations": [
              "Succeeded"
            ]
          },
          "metadata": {
            "operationMetadataId": "26a277bf-8ea7-4c12-b671-601de750d61b"
          },
          "type": "Foreach"
        },
        "Update_lunch": {
          "runAfter": {
            "Queue_invitations": [
              "Succeeded"
            ]
          },
          "metadata": {
            "operationMetadataId": "f4db6e3c-77e0-4053-b137-e7a17af92425"
          },
          "type": "OpenApiConnection",
          "inputs": {
            "host": {
              "connectionName": "shared_commondataserviceforapps",
              "operationId": "UpdateRecord",
              "apiId": "/providers/Microsoft.PowerApps/apis/shared_commondataserviceforapps"
            },
            "parameters": {
              "entityName": "lunch_lunchs",
              "recordId": "@outputs('Get_lunch')?['body/lunch_lunchid']",
              "item/lunch_invitationssent": 2,
              "item/lunch_status": 3
            },
            "authentication": {
              "type": "Raw",
              "value": "@json(decodeBase64(triggerOutputs().headers['X-MS-APIM-Tokens']))['$ConnectionKey']"
            }
          }
        },
        "Get_timeslots": {
          "runAfter": {
            "Get_lunch": [
              "Succeeded"
            ]
          },
          "metadata": {
            "operationMetadataId": "443ef544-cc01-4852-b92d-de20b38786f5"
          },
          "type": "OpenApiConnection",
          "inputs": {
            "host": {
              "connectionName": "shared_commondataserviceforapps",
              "operationId": "ListRecords",
              "apiId": "/providers/Microsoft.PowerApps/apis/shared_commondataserviceforapps"
            },
            "parameters": {
              "entityName": "lunch_timeslots",
              "$filter": "_lunch_lunch_value eq '@{outputs('Get_lunch')?['body/lunch_lunchid']}'"
            },
            "authentication": {
              "type": "Raw",
              "value": "@json(decodeBase64(triggerOutputs().headers['X-MS-APIM-Tokens']))['$ConnectionKey']"
            }
          }
        },
        "Get_invitations": {
          "runAfter": {
            "Apply_to_each": [
              "Succeeded"
            ]
          },
          "metadata": {
            "operationMetadataId": "71f9b5e8-5a37-4dec-b1c7-9ea6f2452dcf"
          },
          "type": "OpenApiConnection",
          "inputs": {
            "host": {
              "connectionName": "shared_commondataserviceforapps",
              "operationId": "ListRecords",
              "apiId": "/providers/Microsoft.PowerApps/apis/shared_commondataserviceforapps"
            },
            "parameters": {
              "entityName": "lunch_invitations",
              "$filter": "_lunch_lunch_value eq '@{outputs('Get_lunch')?['body/lunch_lunchid']}' and lunch_invitationstatus eq 6"
            },
            "authentication": {
              "type": "Raw",
              "value": "@json(decodeBase64(triggerOutputs().headers['X-MS-APIM-Tokens']))['$ConnectionKey']"
            }
          }
        },
        "Apply_to_each": {
          "foreach": "@outputs('Get_timeslots')?['body/value']",
          "actions": {
            "Compose": {
              "runAfter": {},
              "metadata": {
                "operationMetadataId": "2f87c9c5-2c7d-45b7-89c4-08f0c938051d"
              },
              "type": "Compose",
              "inputs": "@formatDateTime(item()?['lunch_day'],'yyyy-MM-dd')"
            },
            "Create_event_(V4)": {
              "runAfter": {
                "Compose": [
                  "Succeeded"
                ]
              },
              "metadata": {
                "operationMetadataId": "f76ef263-ab7b-40f5-a264-6d657ad6b1da"
              },
              "type": "OpenApiConnection",
              "inputs": {
                "host": {
                  "connectionName": "shared_office365",
                  "operationId": "V4CalendarPostItem",
                  "apiId": "/providers/Microsoft.PowerApps/apis/shared_office365"
                },
                "parameters": {
                  "table": "AAMkADVhYmQ4NDdlLTE4Y2MtNDhiYi05ZDM2LTZkODkzYWNjOWU4MgBGAAAAAAC1e3y5x5z1S4-mpCh-NT_UBwDm2eFg2dXmSqEAV50pLFqAAAAAAAEGAADm2eFg2dXmSqEAV50pLFqAAAAEksdmAAA=",
                  "item/subject": "@outputs('Get_lunch')?['body/lunch_lunchname']",
                  "item/start": "@{outputs('Compose')}T12:00:00",
                  "item/end": "@{outputs('Compose')}T13:00:00",
                  "item/timeZone": "(UTC+01:00) Amsterdam, Berlin, Bern, Rome, Stockholm, Vienna",
                  "item/body": "<p>@{outputs('Get_lunch')?['body/lunch_description']}</p>",
                  "item/location": "@items('Apply_to_each')?['lunch_location']",
                  "item/reminderMinutesBeforeStart": 15,
                  "item/isReminderOn": true,
                  "item/showAs": "busy"
                },
                "authentication": {
                  "type": "Raw",
                  "value": "@json(decodeBase64(triggerOutputs().headers['X-MS-APIM-Tokens']))['$ConnectionKey']"
                }
              }
            },
            "Update_a_row": {
              "runAfter": {
                "Create_event_(V4)": [
                  "Succeeded"
                ]
              },
              "metadata": {
                "operationMetadataId": "64dfc7ae-38d6-4b89-8dcb-1d5f53e93cb0"
              },
              "type": "OpenApiConnection",
              "inputs": {
                "host": {
                  "connectionName": "shared_commondataserviceforapps",
                  "operationId": "UpdateRecord",
                  "apiId": "/providers/Microsoft.PowerApps/apis/shared_commondataserviceforapps"
                },
                "parameters": {
                  "entityName": "lunch_timeslots",
                  "recordId": "@items('Apply_to_each')?['lunch_timeslotid']",
                  "item/lunch_meetingid": "@outputs('Create_event_(V4)')?['body/id']"
                },
                "authentication": {
                  "type": "Raw",
                  "value": "@json(decodeBase64(triggerOutputs().headers['X-MS-APIM-Tokens']))['$ConnectionKey']"
                }
              }
            }
          },
          "runAfter": {
            "Get_timeslots": [
              "Succeeded"
            ]
          },
          "metadata": {
            "operationMetadataId": "d935576b-a329-4e05-8d89-75350a1861a9"
          },
          "type": "Foreach"
        },
        "Get_lunch": {
          "runAfter": {},
          "metadata": {
            "operationMetadataId": "45b8dd0d-cbbe-4c76-bdf3-3ecac54dbb89"
          },
          "type": "OpenApiConnection",
          "inputs": {
            "host": {
              "connectionName": "shared_commondataserviceforapps",
              "operationId": "GetItem",
              "apiId": "/providers/Microsoft.PowerApps/apis/shared_commondataserviceforapps"
            },
            "parameters": {
              "entityName": "lunch_lunchs",
              "recordId": "@triggerBody()['text']"
            },
            "authentication": {
              "type": "Raw",
              "value": "@json(decodeBase64(triggerOutputs().headers['X-MS-APIM-Tokens']))['$ConnectionKey']"
            }
          }
        },
        "Respond_to_a_Power_App_or_flow": {
          "runAfter": {
            "Update_lunch": [
              "Succeeded"
            ]
          },
          "metadata": {
            "operationMetadataId": "2e251df2-1cda-4b76-90c7-2ca0a917efa3"
          },
          "type": "Response",
          "kind": "PowerApp",
          "inputs": {
            "statusCode": 200,
            "body": {
              "success": "true"
            },
            "schema": {
              "type": "object",
              "properties": {
                "success": {
                  "title": "success",
                  "x-ms-dynamically-added": true,
                  "type": "string"
                }
              }
            }
          }
        }
      }
    },
    "templateName": ""
  },
  "schemaVersion": "1.0.0.0"
}