{
  "properties": {
    "connectionReferences": {
      "shared_commondataserviceforapps": {
        "runtimeSource": "embedded",
        "connection": {
          "connectionReferenceLogicalName": "lunch_sharedcommondataserviceforapps_34eab"
        },
        "api": {
          "name": "shared_commondataserviceforapps"
        }
      },
      "shared_office365users": {
        "runtimeSource": "embedded",
        "connection": {
          "connectionReferenceLogicalName": "lunch_sharedoffice365users_d6db8"
        },
        "api": {
          "name": "shared_office365users"
        }
      },
      "shared_teams": {
        "runtimeSource": "embedded",
        "connection": {
          "connectionReferenceLogicalName": "lunch_sharedteams_511e9"
        },
        "api": {
          "name": "shared_teams"
        }
      }
    },
    "definition": {
      "$schema": "https://schema.management.azure.com/providers/Microsoft.Logic/schemas/2016-06-01/workflowdefinition.json#",
      "contentVersion": "1.0.0.0",
      "parameters": {
        "$connections": {
          "defaultValue": {},
          "type": "Object"
        },
        "$authentication": {
          "defaultValue": {},
          "type": "SecureObject"
        },
        "Test mode (lunch_TestMode)": {
          "defaultValue": true,
          "type": "Bool",
          "metadata": {
            "schemaName": "lunch_TestMode"
          }
        },
        "Test mode email (lunch_Testmodeemail)": {
          "defaultValue": "admin@CRM746569.onmicrosoft.com",
          "type": "String",
          "metadata": {
            "schemaName": "lunch_Testmodeemail"
          }
        }
      },
      "triggers": {
        "Recurrence": {
          "recurrence": {
            "frequency": "Week",
            "interval": 1,
            "startTime": "2024-09-20T07:15:00Z",
            "schedule": {
              "weekDays": [
                "Monday"
              ]
            }
          },
          "metadata": {
            "operationMetadataId": "0093db78-d8d6-478c-a960-6f2ecb131bd3"
          },
          "type": "Recurrence"
        }
      },
      "actions": {
        "Get_relevant_lunches": {
          "runAfter": {},
          "metadata": {
            "operationMetadataId": "38a75522-f02c-4aa6-b181-2bf2e16bfd22"
          },
          "type": "OpenApiConnection",
          "inputs": {
            "host": {
              "connectionName": "shared_commondataserviceforapps",
              "operationId": "ListRecords",
              "apiId": "/providers/Microsoft.PowerApps/apis/shared_commondataserviceforapps"
            },
            "parameters": {
              "entityName": "lunch_lunchs",
              "$filter": "lunch_status eq 6"
            },
            "authentication": "@parameters('$authentication')"
          }
        },
        "Get_relevant_timeslots": {
          "foreach": "@outputs('Get_relevant_lunches')?['body/value']",
          "actions": {
            "Get_timeslots_for_next_week": {
              "runAfter": {},
              "metadata": {
                "operationMetadataId": "80970912-46e6-43e5-bd8c-29595c160caf"
              },
              "type": "OpenApiConnection",
              "inputs": {
                "host": {
                  "connectionName": "shared_commondataserviceforapps",
                  "operationId": "ListRecords",
                  "apiId": "/providers/Microsoft.PowerApps/apis/shared_commondataserviceforapps"
                },
                "parameters": {
                  "entityName": "lunch_timeslots",
                  "$filter": "lunch_day ge @{utcNow()} and lunch_day le @{addDays(utcNow(), 7)} and _lunch_lunch_value eq '@{items('Get_relevant_timeslots')?['lunch_lunchid']}'"
                },
                "authentication": "@parameters('$authentication')"
              }
            },
            "Apply_to_each": {
              "foreach": "@outputs('Get_timeslots_for_next_week')?['body/value']",
              "actions": {
                "Get_accepted_invitations": {
                  "runAfter": {},
                  "metadata": {
                    "operationMetadataId": "51321509-144e-4580-986b-29e9f0a7596b"
                  },
                  "type": "OpenApiConnection",
                  "inputs": {
                    "host": {
                      "connectionName": "shared_commondataserviceforapps",
                      "operationId": "ListRecords",
                      "apiId": "/providers/Microsoft.PowerApps/apis/shared_commondataserviceforapps"
                    },
                    "parameters": {
                      "entityName": "lunch_invitations",
                      "$filter": "_lunch_timeslot_value eq '@{items('Apply_to_each')?['lunch_timeslotid']}' and lunch_invitationstatus eq 3"
                    },
                    "authentication": "@parameters('$authentication')"
                  }
                },
                "Send_reminder_for_each_invitation": {
                  "foreach": "@outputs('Get_accepted_invitations')?['body/value']",
                  "actions": {
                    "Get_user_profile_(V2)": {
                      "runAfter": {},
                      "metadata": {
                        "operationMetadataId": "7079681f-fb3f-4991-a922-d50964ebe80f"
                      },
                      "type": "OpenApiConnection",
                      "inputs": {
                        "host": {
                          "connectionName": "shared_office365users",
                          "operationId": "UserProfile_V2",
                          "apiId": "/providers/Microsoft.PowerApps/apis/shared_office365users"
                        },
                        "parameters": {
                          "id": "@items('Send_reminder_for_each_invitation')?['_lunch_participant_value']"
                        },
                        "authentication": "@parameters('$authentication')"
                      }
                    },
                    "Post_card_in_a_chat_or_channel": {
                      "runAfter": {
                        "Get_user_profile_(V2)": [
                          "Succeeded"
                        ]
                      },
                      "metadata": {
                        "operationMetadataId": "ab642e6a-25c8-42b6-a197-fae6d095b787"
                      },
                      "type": "OpenApiConnection",
                      "inputs": {
                        "host": {
                          "connectionName": "shared_teams",
                          "operationId": "PostCardToConversation",
                          "apiId": "/providers/Microsoft.PowerApps/apis/shared_teams"
                        },
                        "parameters": {
                          "poster": "Power Virtual Agents",
                          "location": "powerva",
                          "body/bot": "cr19f_lunchBot",
                          "body/recipient": "@{if(parameters('Test mode (lunch_TestMode)'),parameters('Test mode email (lunch_Testmodeemail)'),outputs('Get_user_profile_(V2)')?['body/mail'])};",
                          "body/messageBody": "{\n    \"$schema\": \"http://adaptivecards.io/schemas/adaptive-card.json\",\n    \"type\": \"AdaptiveCard\",\n    \"version\": \"1.0\",\n    \"body\": [\n        {\n            \"type\": \"TextBlock\",\n            \"text\": \"Hi @{outputs('Get_user_profile_(V2)')?['body/givenName']}, you have a lunch scheduled this week!\",\n            \"size\": \"large\",\n            \"weight\": \"bolder\",\n            \"style\": \"heading\",\n            \"wrap\": true\n        },\n        {\n            \"type\": \"TextBlock\",\n            \"text\": \"Your lunch @{items('Get_relevant_timeslots')?['lunch_lunchname']} is scheduled for @{formatDateTime(items('Apply_to_each')?['lunch_day'], 'dd-MM-yyyy')}. We are looking forward to seeing you there!\",\n            \"isSubtle\": true,\n            \"spacing\": \"Padding\",\n            \"wrap\": true\n        }\n    ]\n}",
                          "body/attribution": true,
                          "body/activeChat": "Send",
                          "body/installedError": "Fail"
                        },
                        "authentication": "@parameters('$authentication')"
                      }
                    }
                  },
                  "runAfter": {
                    "Get_accepted_invitations": [
                      "Succeeded"
                    ]
                  },
                  "metadata": {
                    "operationMetadataId": "157a2ca6-bea9-41e3-a5ee-37e4f207368b"
                  },
                  "type": "Foreach"
                }
              },
              "runAfter": {
                "Get_timeslots_for_next_week": [
                  "Succeeded"
                ]
              },
              "metadata": {
                "operationMetadataId": "850efe26-e009-4cd5-b98a-ff26c84af804"
              },
              "type": "Foreach"
            }
          },
          "runAfter": {
            "Get_relevant_lunches": [
              "Succeeded"
            ]
          },
          "metadata": {
            "operationMetadataId": "78e2f770-91b1-40c1-91f2-b815cb436e30"
          },
          "type": "Foreach"
        }
      }
    },
    "templateName": null
  },
  "schemaVersion": "1.0.0.0"
}