{
  "properties": {
    "connectionReferences": {
      "shared_commondataserviceforapps": {
        "runtimeSource": "embedded",
        "connection": {
          "connectionReferenceLogicalName": "lunch_sharedcommondataserviceforapps_34eab"
        },
        "api": {
          "name": "shared_commondataserviceforapps"
        }
      },
      "shared_office365users": {
        "runtimeSource": "embedded",
        "connection": {
          "connectionReferenceLogicalName": "lunch_sharedoffice365users_d6db8"
        },
        "api": {
          "name": "shared_office365users"
        }
      },
      "shared_teams": {
        "runtimeSource": "embedded",
        "connection": {
          "connectionReferenceLogicalName": "lunch_sharedteams_511e9"
        },
        "api": {
          "name": "shared_teams"
        }
      }
    },
    "definition": {
      "$schema": "https://schema.management.azure.com/providers/Microsoft.Logic/schemas/2016-06-01/workflowdefinition.json#",
      "contentVersion": "1.0.0.0",
      "parameters": {
        "$connections": {
          "defaultValue": {},
          "type": "Object"
        },
        "$authentication": {
          "defaultValue": {},
          "type": "SecureObject"
        },
        "Test mode email (lunch_Testmodeemail)": {
          "defaultValue": "admin@CRM746569.onmicrosoft.com",
          "type": "String",
          "metadata": {
            "schemaName": "lunch_Testmodeemail"
          }
        },
        "Reminder period (lunch_Reminderperiod)": {
          "defaultValue": 14,
          "type": "Int",
          "metadata": {
            "schemaName": "lunch_Reminderperiod",
            "description": "Number of days before the event to send the reminder"
          }
        },
        "Test mode (lunch_TestMode)": {
          "defaultValue": true,
          "type": "Bool",
          "metadata": {
            "schemaName": "lunch_TestMode"
          }
        }
      },
      "triggers": {
        "Recurrence": {
          "recurrence": {
            "frequency": "Week",
            "interval": 1,
            "startTime": "2024-09-19T06:15:00Z",
            "schedule": {
              "weekDays": [
                "Monday"
              ]
            }
          },
          "metadata": {
            "operationMetadataId": "15296db9-3f74-4e9e-9574-649ef44cee08"
          },
          "type": "Recurrence"
        }
      },
      "actions": {
        "Get_relevant_lunches": {
          "runAfter": {},
          "metadata": {
            "operationMetadataId": "94f1b74c-1fef-490e-9a8d-b18d54efae1e"
          },
          "type": "OpenApiConnection",
          "inputs": {
            "host": {
              "connectionName": "shared_commondataserviceforapps",
              "operationId": "ListRecords",
              "apiId": "/providers/Microsoft.PowerApps/apis/shared_commondataserviceforapps"
            },
            "parameters": {
              "entityName": "lunch_lunchs",
              "$filter": "lunch_status eq 6"
            },
            "authentication": "@parameters('$authentication')"
          }
        },
        "For_each_lunch": {
          "foreach": "@outputs('Get_relevant_lunches')?['body/value']",
          "actions": {
            "List_upcoming_timeslots": {
              "runAfter": {},
              "metadata": {
                "operationMetadataId": "296f855a-0375-4877-9fc0-626a5fb02c65"
              },
              "type": "OpenApiConnection",
              "inputs": {
                "host": {
                  "connectionName": "shared_commondataserviceforapps",
                  "operationId": "ListRecords",
                  "apiId": "/providers/Microsoft.PowerApps/apis/shared_commondataserviceforapps"
                },
                "parameters": {
                  "entityName": "lunch_timeslots",
                  "$filter": "lunch_day ge @{utcNow()} and lunch_day le @{addDays(utcNow(), int(string(parameters('Reminder period (lunch_Reminderperiod)'))))} and _lunch_lunch_value eq '@{items('For_each_lunch')?['lunch_lunchid']}'"
                },
                "authentication": "@parameters('$authentication')"
              }
            },
            "Get_invitations": {
              "foreach": "@outputs('List_upcoming_timeslots')?['body/value']",
              "actions": {
                "List_pending_invitations": {
                  "runAfter": {},
                  "metadata": {
                    "operationMetadataId": "7880b776-e2b9-49c2-80f1-3423d0f8473f"
                  },
                  "type": "OpenApiConnection",
                  "inputs": {
                    "host": {
                      "connectionName": "shared_commondataserviceforapps",
                      "operationId": "ListRecords",
                      "apiId": "/providers/Microsoft.PowerApps/apis/shared_commondataserviceforapps"
                    },
                    "parameters": {
                      "entityName": "lunch_invitations",
                      "$filter": "_lunch_timeslot_value eq '@{items('Get_invitations')?['lunch_timeslotid']}' and lunch_invitationstatus eq 2"
                    },
                    "authentication": "@parameters('$authentication')"
                  }
                },
                "Apply_to_each": {
                  "foreach": "@outputs('List_pending_invitations')?['body/value']",
                  "actions": {
                    "Get_user_profile_(V2)": {
                      "runAfter": {},
                      "metadata": {
                        "operationMetadataId": "875c7fb5-aae1-4716-9915-86bd5183b633"
                      },
                      "type": "OpenApiConnection",
                      "inputs": {
                        "host": {
                          "connectionName": "shared_office365users",
                          "operationId": "UserProfile_V2",
                          "apiId": "/providers/Microsoft.PowerApps/apis/shared_office365users"
                        },
                        "parameters": {
                          "id": "@items('Apply_to_each')?['_lunch_participant_value']"
                        },
                        "authentication": "@parameters('$authentication')"
                      }
                    },
                    "Get_manager_(V2)": {
                      "runAfter": {
                        "Get_user_profile_(V2)": [
                          "Succeeded"
                        ]
                      },
                      "metadata": {
                        "operationMetadataId": "a98878be-0a89-4493-853b-01b2cf3993b5"
                      },
                      "type": "OpenApiConnection",
                      "inputs": {
                        "host": {
                          "connectionName": "shared_office365users",
                          "operationId": "Manager_V2",
                          "apiId": "/providers/Microsoft.PowerApps/apis/shared_office365users"
                        },
                        "parameters": {
                          "id": "@items('Apply_to_each')?['_lunch_participant_value']"
                        },
                        "authentication": "@parameters('$authentication')"
                      }
                    },
                    "Compose": {
                      "runAfter": {
                        "Get_manager_(V2)": [
                          "Succeeded"
                        ]
                      },
                      "metadata": {
                        "operationMetadataId": "24650480-9ebb-41e4-af8b-18713df3299f"
                      },
                      "type": "Compose",
                      "inputs": {
                        "managerName": "@{outputs('Get_manager_(V2)')?['body/displayName']}",
                        "managerGivenName": "@{outputs('Get_manager_(V2)')?['body/givenName']}",
                        "managerMail": "@{outputs('Get_manager_(V2)')?['body/mail']}",
                        "managerId": "@{outputs('Get_manager_(V2)')?['body/id']}",
                        "cells": [
                          {
                            "type": "TableCell",
                            "items": [
                              {
                                "type": "TextBlock",
                                "text": "@{outputs('Get_user_profile_(V2)')?['body/displayName']}",
                                "wrap": true
                              }
                            ]
                          },
                          {
                            "type": "TableCell",
                            "items": [
                              {
                                "type": "TextBlock",
                                "text": "@{items('For_each_lunch')?['lunch_lunchname']}",
                                "wrap": true,
                                "weight": "Default"
                              }
                            ]
                          },
                          {
                            "type": "TableCell",
                            "items": [
                              {
                                "type": "TextBlock",
                                "text": "@{formatDateTime(items('Get_invitations')?['lunch_day'], 'dd-MM-yyyy')}",
                                "wrap": true,
                                "weight": "Default"
                              }
                            ]
                          }
                        ]
                      }
                    },
                    "Append_to_array_variable": {
                      "runAfter": {
                        "Compose": [
                          "Succeeded"
                        ]
                      },
                      "metadata": {
                        "operationMetadataId": "6a9547f3-c4bd-4359-b2c7-3f99417ad7d6"
                      },
                      "type": "AppendToArrayVariable",
                      "inputs": {
                        "name": "notificationArray",
                        "value": "@outputs('Compose')"
                      }
                    },
                    "Check_if_manager_is_in_unique_managers_array": {
                      "actions": {},
                      "runAfter": {
                        "Filter_array": [
                          "Succeeded"
                        ]
                      },
                      "else": {
                        "actions": {
                          "Add_manager_to_unique_array": {
                            "runAfter": {},
                            "metadata": {
                              "operationMetadataId": "7dbd804a-5d07-4dae-947f-7e73020bbc40"
                            },
                            "type": "AppendToArrayVariable",
                            "inputs": {
                              "name": "uniqueManagers",
                              "value": "@outputs('Get_manager_(V2)')?['body/id']"
                            }
                          }
                        }
                      },
                      "expression": {
                        "equals": [
                          "@length(body('Filter_array'))",
                          1
                        ]
                      },
                      "metadata": {
                        "operationMetadataId": "3abde413-9add-4e08-973b-2bf101ade300"
                      },
                      "type": "If"
                    },
                    "Filter_array": {
                      "runAfter": {
                        "Append_to_array_variable": [
                          "Succeeded"
                        ]
                      },
                      "metadata": {
                        "operationMetadataId": "6f326d9a-d66e-4c15-9cdf-334594b04e5e"
                      },
                      "type": "Query",
                      "inputs": {
                        "from": "@variables('uniqueManagers')",
                        "where": "@equals(item(), outputs('Get_manager_(V2)')?['body/id'])"
                      }
                    }
                  },
                  "runAfter": {
                    "List_pending_invitations": [
                      "Succeeded"
                    ]
                  },
                  "metadata": {
                    "operationMetadataId": "028629a9-fa56-452e-abbf-c4ce18c9a8a2"
                  },
                  "type": "Foreach"
                }
              },
              "runAfter": {
                "List_upcoming_timeslots": [
                  "Succeeded"
                ]
              },
              "metadata": {
                "operationMetadataId": "d35f92c2-b3ed-49be-8bca-c7d0c29a44da"
              },
              "type": "Foreach"
            }
          },
          "runAfter": {
            "Init_managers_array": [
              "Succeeded"
            ]
          },
          "metadata": {
            "operationMetadataId": "688483a9-7d64-4bd4-8f33-eeb7131ee7cf"
          },
          "type": "Foreach"
        },
        "Initialize_variable": {
          "runAfter": {
            "Get_relevant_lunches": [
              "Succeeded"
            ]
          },
          "metadata": {
            "operationMetadataId": "1a6861bf-381b-4e76-834e-815ece30c310"
          },
          "type": "InitializeVariable",
          "inputs": {
            "variables": [
              {
                "name": "notificationArray",
                "type": "array",
                "value": []
              }
            ]
          }
        },
        "Init_managers_array": {
          "runAfter": {
            "Initialize_variable": [
              "Succeeded"
            ]
          },
          "metadata": {
            "operationMetadataId": "4b1dfec0-7f06-49e1-909d-a3faec928b43"
          },
          "type": "InitializeVariable",
          "inputs": {
            "variables": [
              {
                "name": "uniqueManagers",
                "type": "array",
                "value": []
              }
            ]
          }
        },
        "For_each_manager": {
          "foreach": "@variables('uniqueManagers')",
          "actions": {
            "Filter_direct_reports": {
              "runAfter": {},
              "metadata": {
                "operationMetadataId": "a9509419-62fd-4a77-9b94-0124e6ce78bb"
              },
              "type": "Query",
              "inputs": {
                "from": "@variables('notificationArray')",
                "where": "@equals(item()?['managerId'], items('For_each_manager'))"
              }
            },
            "Select": {
              "runAfter": {
                "Filter_direct_reports": [
                  "Succeeded"
                ]
              },
              "metadata": {
                "operationMetadataId": "ed0aeace-b1ea-400f-a6dd-70aeb5acc3ef"
              },
              "type": "Select",
              "inputs": {
                "from": "@body('Filter_direct_reports')",
                "select": {
                  "type": "TableRow",
                  "cells": "@item()?['cells']"
                }
              }
            },
            "Table": {
              "runAfter": {
                "Select": [
                  "Succeeded"
                ]
              },
              "metadata": {
                "operationMetadataId": "1ce68f90-644e-4884-a44f-930e88a56cde"
              },
              "type": "Compose",
              "inputs": "@union(outputs('TableHeader'),body('Select'))"
            },
            "Post_card_in_a_chat_or_channel": {
              "runAfter": {
                "Table": [
                  "Succeeded"
                ]
              },
              "metadata": {
                "operationMetadataId": "00f90fa6-7607-44ec-878f-dc08bd6b1093"
              },
              "type": "OpenApiConnection",
              "inputs": {
                "host": {
                  "connectionName": "shared_teams",
                  "operationId": "PostCardToConversation",
                  "apiId": "/providers/Microsoft.PowerApps/apis/shared_teams"
                },
                "parameters": {
                  "poster": "Power Virtual Agents",
                  "location": "powerva",
                  "body/bot": "cr19f_lunchBot",
                  "body/recipient": "@{if(parameters('Test mode (lunch_TestMode)'),parameters('Test mode email (lunch_Testmodeemail)'),first(body('Filter_direct_reports'))?['managerMail'])};",
                  "body/messageBody": "{\n    \"$schema\": \"http://adaptivecards.io/schemas/adaptive-card.json\",\n    \"type\": \"AdaptiveCard\",\n    \"version\": \"1.0\",\n    \"body\": [\n        {\n            \"type\": \"TextBlock\",\n            \"text\": \"Hi @{first(body('Filter_direct_reports'))?['managerGivenName']}!\",\n            \"size\": \"large\",\n            \"weight\": \"bolder\",\n            \"style\": \"heading\",\n            \"wrap\": true\n        },\n        {\n            \"type\": \"TextBlock\",\n            \"text\": \"Some of your team members did not respond to their lunch invitation yet, please find a quick overview below.\",\n            \"isSubtle\": true,\n            \"spacing\": \"Padding\",\n            \"weight\": \"Default\",\n            \"wrap\": true\n        },\n        {\n            \"type\": \"Table\",\n            \"columns\": [\n                {\n                    \"width\": 1\n                },\n                {\n                    \"width\": 1\n                },\n                {\n                    \"width\": 1\n                }\n            ],\n            \"rows\": @{outputs('Table')}\n        }\n    ]\n}",
                  "body/attribution": true,
                  "body/activeChat": "Send",
                  "body/installedError": "Fail"
                },
                "authentication": "@parameters('$authentication')"
              }
            }
          },
          "runAfter": {
            "TableHeader": [
              "Succeeded"
            ]
          },
          "metadata": {
            "operationMetadataId": "0ac4db7d-32a6-4a7e-ab98-30ddac0300ae"
          },
          "type": "Foreach"
        },
        "GroupBy": {
          "runAfter": {
            "For_each_lunch": [
              "Succeeded"
            ]
          },
          "metadata": {
            "operationMetadataId": "ed0777f2-404a-4508-8bc2-43b3091f1c2a"
          },
          "type": "InitializeVariable",
          "inputs": {
            "variables": [
              {
                "name": "groupBy",
                "type": "array",
                "value": []
              }
            ]
          }
        },
        "TableHeader": {
          "runAfter": {
            "GroupBy": [
              "Succeeded"
            ]
          },
          "metadata": {
            "operationMetadataId": "5188926b-beeb-41ee-9c92-ae99b9f1afd6"
          },
          "type": "Compose",
          "inputs": [
            {
              "type": "TableRow",
              "cells": [
                {
                  "type": "TableCell",
                  "items": [
                    {
                      "type": "TextBlock",
                      "text": "Employee",
                      "wrap": true
                    }
                  ]
                },
                {
                  "type": "TableCell",
                  "items": [
                    {
                      "type": "TextBlock",
                      "text": "Lunch",
                      "wrap": true
                    }
                  ]
                },
                {
                  "type": "TableCell",
                  "items": [
                    {
                      "type": "TextBlock",
                      "text": "Day",
                      "wrap": true
                    }
                  ]
                }
              ]
            }
          ]
        }
      }
    },
    "templateName": ""
  },
  "schemaVersion": "1.0.0.0"
}