<environmentvariabledefinition schemaname="lunch_Reminderperiod">
  <defaultvalue>14</defaultvalue>
  <description default="Number of days before the event to send the reminder">
    <label description="Number of days before the event to send the reminder" languagecode="1033" />
  </description>
  <displayname default="Reminder period">
    <label description="Reminder period" languagecode="1033" />
  </displayname>
  <introducedversion>1.0.0.2</introducedversion>
  <iscustomizable>1</iscustomizable>
  <isrequired>0</isrequired>
  <secretstore>0</secretstore>
  <type>100000001</type>
</environmentvariabledefinition>