<ImportExportXml version="9.2.24092.162" SolutionPackageVersion="9.2" languagecode="1033" generatedBy="CrmLive" xmlns:xsi="http://www.w3.org/2001/XMLSchema-instance" OrganizationVersion="9.2.24092.162" OrganizationSchemaType="Standard" CRMServerServiceabilityVersion="9.2.24092.00162">
  <SolutionManifest>
    <UniqueName>LunchScheduling</UniqueName>
    <LocalizedNames>
      <LocalizedName description="Lunch Scheduling" languagecode="1033" />
    </LocalizedNames>
    <Descriptions />
    <Version>1.0.0.0</Version>
    <Managed>1</Managed>
    <Publisher>
      <UniqueName>LunchScheduling</UniqueName>
      <LocalizedNames>
        <LocalizedName description="Lunch Scheduling" languagecode="1033" />
      </LocalizedNames>
      <Descriptions />
      <EMailAddress xsi:nil="true"></EMailAddress>
      <SupportingWebsiteUrl xsi:nil="true"></SupportingWebsiteUrl>
      <CustomizationPrefix>lunch</CustomizationPrefix>
      <CustomizationOptionValuePrefix>86938</CustomizationOptionValuePrefix>
      <Addresses>
        <Address>
          <AddressNumber>1</AddressNumber>
          <AddressTypeCode>1</AddressTypeCode>
          <City xsi:nil="true"></City>
          <County xsi:nil="true"></County>
          <Country xsi:nil="true"></Country>
          <Fax xsi:nil="true"></Fax>
          <FreightTermsCode xsi:nil="true"></FreightTermsCode>
          <ImportSequenceNumber xsi:nil="true"></ImportSequenceNumber>
          <Latitude xsi:nil="true"></Latitude>
          <Line1 xsi:nil="true"></Line1>
          <Line2 xsi:nil="true"></Line2>
          <Line3 xsi:nil="true"></Line3>
          <Longitude xsi:nil="true"></Longitude>
          <Name xsi:nil="true"></Name>
          <PostalCode xsi:nil="true"></PostalCode>
          <PostOfficeBox xsi:nil="true"></PostOfficeBox>
          <PrimaryContactName xsi:nil="true"></PrimaryContactName>
          <ShippingMethodCode>1</ShippingMethodCode>
          <StateOrProvince xsi:nil="true"></StateOrProvince>
          <Telephone1 xsi:nil="true"></Telephone1>
          <Telephone2 xsi:nil="true"></Telephone2>
          <Telephone3 xsi:nil="true"></Telephone3>
          <TimeZoneRuleVersionNumber xsi:nil="true"></TimeZoneRuleVersionNumber>
          <UPSZone xsi:nil="true"></UPSZone>
          <UTCOffset xsi:nil="true"></UTCOffset>
          <UTCConversionTimeZoneCode xsi:nil="true"></UTCConversionTimeZoneCode>
        </Address>
        <Address>
          <AddressNumber>2</AddressNumber>
          <AddressTypeCode>1</AddressTypeCode>
          <City xsi:nil="true"></City>
          <County xsi:nil="true"></County>
          <Country xsi:nil="true"></Country>
          <Fax xsi:nil="true"></Fax>
          <FreightTermsCode xsi:nil="true"></FreightTermsCode>
          <ImportSequenceNumber xsi:nil="true"></ImportSequenceNumber>
          <Latitude xsi:nil="true"></Latitude>
          <Line1 xsi:nil="true"></Line1>
          <Line2 xsi:nil="true"></Line2>
          <Line3 xsi:nil="true"></Line3>
          <Longitude xsi:nil="true"></Longitude>
          <Name xsi:nil="true"></Name>
          <PostalCode xsi:nil="true"></PostalCode>
          <PostOfficeBox xsi:nil="true"></PostOfficeBox>
          <PrimaryContactName xsi:nil="true"></PrimaryContactName>
          <ShippingMethodCode>1</ShippingMethodCode>
          <StateOrProvince xsi:nil="true"></StateOrProvince>
          <Telephone1 xsi:nil="true"></Telephone1>
          <Telephone2 xsi:nil="true"></Telephone2>
          <Telephone3 xsi:nil="true"></Telephone3>
          <TimeZoneRuleVersionNumber xsi:nil="true"></TimeZoneRuleVersionNumber>
          <UPSZone xsi:nil="true"></UPSZone>
          <UTCOffset xsi:nil="true"></UTCOffset>
          <UTCConversionTimeZoneCode xsi:nil="true"></UTCConversionTimeZoneCode>
        </Address>
      </Addresses>
    </Publisher>
    <RootComponents>
      <RootComponent type="1" schemaName="aaduser" behavior="1" />
      <RootComponent type="1" schemaName="lunch_attendeefeedback" behavior="0" />
      <RootComponent type="1" schemaName="lunch_invitation" behavior="0" />
      <RootComponent type="1" schemaName="lunch_lunch" behavior="0" />
      <RootComponent type="1" schemaName="lunch_lunchschedulingprocess" behavior="0" />
      <RootComponent type="1" schemaName="lunch_participant" behavior="0" />
      <RootComponent type="1" schemaName="lunch_timeslot" behavior="0" />
      <RootComponent type="9" schemaName="lunch_booleanoptional" behavior="0" />
      <RootComponent type="9" schemaName="lunch_groupcreationtypes" behavior="0" />
      <RootComponent type="9" schemaName="lunch_invitationstatus" behavior="0" />
      <RootComponent type="9" schemaName="lunch_lunchstatus" behavior="0" />
      <RootComponent type="20" id="{891eb8e2-2e77-ef11-ac21-000d3a5806f7}" behavior="0" />
      <RootComponent type="29" id="{05547f43-6c76-ef11-ac21-000d3a5806f7}" behavior="0" />
      <RootComponent type="29" id="{0aaa9e34-2277-ef11-ac21-000d3a5806f7}" behavior="0" />
      <RootComponent type="29" id="{0ab16a11-2b74-ef11-ac21-000d3a5806f7}" behavior="0" />
      <RootComponent type="29" id="{0d1f02aa-c275-ef11-ac21-000d3a5806f7}" behavior="0" />
      <RootComponent type="29" id="{149f5d68-b075-ef11-ac21-000d3a5806f7}" behavior="0" />
      <RootComponent type="29" id="{1637693d-3677-ef11-ac21-000d3a5806f7}" behavior="0" />
      <RootComponent type="29" id="{2327adca-8976-ef11-ac21-000d3a5806f7}" behavior="0" />
      <RootComponent type="29" id="{34ab5296-2e74-ef11-ac21-000d3a5806f7}" behavior="0" />
      <RootComponent type="29" id="{3fc6e61c-566f-ef11-a670-000d3a387839}" behavior="0" />
      <RootComponent type="29" id="{3fc72d7c-2e77-ef11-ac21-000d3a5806f7}" behavior="0" />
      <RootComponent type="29" id="{424954d2-8476-ef11-ac21-000d3a5806f7}" behavior="0" />
      <RootComponent type="29" id="{487eef62-9b76-ef11-ac21-000d3a5806f7}" behavior="0" />
      <RootComponent type="29" id="{5cf1059c-6376-ef11-ac21-000d3a5806f7}" behavior="0" />
      <RootComponent type="29" id="{6108f827-5a6f-ef11-a670-6045bda0fe51}" behavior="0" />
      <RootComponent type="29" id="{65e4fbe0-9e76-ef11-ac21-000d3a5806f7}" behavior="0" />
      <RootComponent type="29" id="{6be3d3fd-3277-ef11-ac21-000d3a5806f7}" behavior="0" />
      <RootComponent type="29" id="{6c1603b5-ba75-ef11-ac21-000d3a5806f7}" behavior="0" />
      <RootComponent type="29" id="{7fc1b5cf-2477-ef11-ac21-000d3a5806f7}" behavior="0" />
      <RootComponent type="29" id="{a1c45574-2777-ef11-ac21-000d3a5806f7}" behavior="0" />
      <RootComponent type="29" id="{ae3ad80d-3077-ef11-ac21-000d3a5806f7}" behavior="0" />
      <RootComponent type="29" id="{b2c4ddd8-ad75-ef11-ac21-000d3a5806f7}" behavior="0" />
      <RootComponent type="29" id="{bb6c7f65-9c76-ef11-ac21-000d3a5806f7}" behavior="0" />
      <RootComponent type="29" id="{db9da1f8-8a6f-ef11-a671-000d3a5806f7}" behavior="0" />
      <RootComponent type="29" id="{efec973a-3577-ef11-ac21-000d3a5806f7}" behavior="0" />
      <RootComponent type="29" id="{fe19f21c-ae75-ef11-ac21-000d3a5806f7}" behavior="0" />
      <RootComponent type="61" schemaName="cr19f_lunchformfunctions" behavior="0" />
      <RootComponent type="62" schemaName="lunch_LunchScheduling" behavior="0" />
      <RootComponent type="80" schemaName="lunch_LunchScheduling" behavior="0" />
      <RootComponent type="300" schemaName="lunch_lunchschedulingdefaultcommandlibrary_44611" behavior="0" />
      <RootComponent type="401" id="{61fd7c1e-fd83-4af3-9b1d-ca2559003996}" behavior="0" />
    </RootComponents>
    <MissingDependencies>
      <MissingDependency>
        <Required type="1" schemaName="aaduser" displayName="Microsoft Entra ID" solution="MetadataExtension (1.0.2.104)" />
        <Dependent type="1" schemaName="aaduser" displayName="Microsoft Entra ID" />
      </MissingDependency>
      <MissingDependency>
        <Required type="61" schemaName="msdyn_/Images/AppModule_Default_Icon.png" displayName="msdyn_/Images/AppModule_Default_Icon.png" solution="AppModuleWebResources (2.5)" />
        <Dependent type="80" schemaName="lunch_LunchScheduling" displayName="Lunch Scheduling" />
      </MissingDependency>
      <MissingDependency>
        <Required type="SettingDefinition" displayName="AppChannel" solution="msdyn_AppFrameworkInfraExtensions (1.0.0.12)" id.uniquename="AppChannel" />
        <Dependent type="AppSetting" displayName="parentappmoduleid.uniquename=lunch_LunchScheduling,settingdefinitionid.uniquename=AppChannel" id.parentappmoduleid.uniquename="lunch_LunchScheduling" id.settingdefinitionid.uniquename="AppChannel" />
      </MissingDependency>
    </MissingDependencies>
  </SolutionManifest>
</ImportExportXml>